created_at,username,full_text,tweet_id,query
2014-02-06 11:56:33+00:00,501Awani,Universiti Putra Malaysia memperkenalkan empat inisiatif utama sebagai langkah menangani isu kenaikan harga makanan. #AWANI745,431395989866708992,kenaikan harga lang:id
2014-02-06 08:30:07+00:00,KontanNews,Kenaikan harga minyak masih terdorong musim dingin http://t.co/DRfBy4oZHN,431344037157543938,kenaikan harga lang:id
2014-02-06 04:57:43+00:00,beritaKBR,Banjir Picu Kenaikan Harga Sayur http://t.co/Y4lES298jh,431290586663239680,kenaikan harga lang:id
2014-02-06 03:01:06+00:00,OngisnadeNet,Inilah Alasan Kenaikan Harga Tiket Ekonomi http://t.co/8d85fcg6Ux,431261237448810496,kenaikan harga lang:id
2014-02-06 02:02:32+00:00,SinarOnline,Kenaikan harga barang tak jejas syarikat insurans #SHBisnes http://t.co/GuYy4f9ZBl,431246500002533376,kenaikan harga lang:id
2014-02-05 16:21:57+00:00,suaramerdeka,Pilpres Dorong Kenaikan Harga Emas http://t.co/PJqJMyiu6E,431100391367774208,kenaikan harga lang:id
2014-02-05 07:18:34+00:00,MetroTVNewsRoom,Ternyata cuaca buruk juga berdampak terhadap kenaikan harga bahan pangan berikut ini tayangannya,430963644604502016,kenaikan harga lang:id
2014-02-04 07:42:22+00:00,bernamadotcom,Campur Tangan Drastik Perlu Untuk Tangani Kenaikan Harga? http://t.co/kZmOlqA8qj,430607248184705024,kenaikan harga lang:id
2014-02-03 13:18:02+00:00,liputan6dotcom,Negara-negara Berkembang Galau Hadapi Kenaikan Harga BBM via @Lip6Bisnis http://t.co/kUKN98lrsL,430329332334985216,kenaikan harga lang:id
2014-02-03 13:06:55+00:00,IklanBalikpapan,"Di Balikpapan, Kenaikan Harga Mobil dan Motor Ikut Beri Andil http://t.co/1f7m6eEzz9 #Balikpapan",430326533358485504,kenaikan harga lang:id
2014-02-03 12:19:27+00:00,KotaBalikpapan,"#NewsBPN Di Balikpapan, Kenaikan Harga Mobil dan Motor Ikut Beri Andil http://t.co/eXFkZTL3KP",430314590920916992,kenaikan harga lang:id
2014-02-03 10:43:01+00:00,PerekonomianRI,"Banjir dan Kenaikan Harga Elpiji Dorong Inflasi Januari Capai 1,07% http://t.co/PvLHFwZObD",430290321260310528,kenaikan harga lang:id
2014-02-03 10:40:05+00:00,liputan6dotcom,Kenaikan Harga Kangkung &amp; Bayam Dobrak Inflasi via @Lip6Bisnis http://t.co/1KPtktE8b3,430289583985549312,kenaikan harga lang:id
2014-02-03 08:55:02+00:00,merdekadotcom,Menkeu klaim pemerintah sudah berusaha tekan kenaikan harga http://t.co/crdeqDvO5Y #Ekonomi,430263145517424640,kenaikan harga lang:id
2014-02-03 08:37:06+00:00,FaisalBasri,@hbrown10 Karena inflasi tinggi 2013 akibat kenaikan harga BBM. Tahun ini rasanya hamper mustahil harga BBM bersubsidi dinaikkan.,430258634421829632,kenaikan harga lang:id
2014-02-03 08:36:12+00:00,FaisalBasri,@dinnawisnu Inflasi 2013 yang tinggi karena kenaikan harga BBM. Tahun 2014 rasanya BBM bersubsdi tak akan dinaikkan.,430258405228310529,kenaikan harga lang:id
2014-02-03 04:59:35+00:00,SafirSenduk,“Kenaikan Harga Rumah lebih cepat daripada Kenaikan Gaji.”,430203892974886912,kenaikan harga lang:id
2014-02-03 00:10:28+00:00,emtrade_id,"3). Pasar menanti data inflasi. Banjir, kenaikan harga elpiji diperkirakan akan mendorong naiknya inflasi Januari #kopipagi",430131132492156928,kenaikan harga lang:id
2014-02-03 00:04:02+00:00,anwaribrahim,"""@MohdSufriSaleh:  kenaikan harga gula. RT""@SanjeevanSS: Bukti beban rakyat bertambah dibawah Umno/BN  http://t.co/vNCM57lDaT""""",430129513494634497,kenaikan harga lang:id
2014-02-02 22:39:25+00:00,LokadataID,Lubuklingau Didera Tingginya Kenaikan Harga Sembako http://t.co/DRVmF5Yii4 via @redaksimenittv,430108221567541248,kenaikan harga lang:id
2014-02-02 13:20:07+00:00,KontanNews,Kenaikan harga pangan dan emas sumber inflasi http://t.co/IsfGt3KyQP,429967469650776068,kenaikan harga lang:id
2014-02-02 13:16:12+00:00,Bisniscom,Penaikan Tarif Parkir Kontainer Berpotensi Picu Kenaikan Harga http://t.co/D0aXnvIEAQ,429966483980955648,kenaikan harga lang:id
2014-02-01 07:44:53+00:00,Beritasatu,Harga Sepeda Motor Honda Alami Kenaikan http://t.co/UKvGJmoajg,429520718108176384,kenaikan harga lang:id
2014-02-01 00:07:00+00:00,harakahdailyHD,"Punca Kenaikan Harga Barang Dan Kos Hidup

Pasca PRU13 memperlihatkan tekanan yang dihadapi rakyat apabila... http://t.co/YhMGJdwv6O",429405484861640704,kenaikan harga lang:id
2014-01-31 15:30:33+00:00,Madrid_Indo,Kenaikan harga ini disebabkan oleh kenaikan harga bahan baku di pasaran. Kita ada dua jenis paket membership: Castilla dan Starting Line Up.,429275515485032450,kenaikan harga lang:id
2014-01-31 12:48:49+00:00,WartaKota,Harga Cabai Merah di Tahun Baru China Alami Kenaikan Signifikan: Harga kebutuhan pokok di Hari Raya Imlek 2565... http://t.co/DcE0fssJnc,429234817536778240,kenaikan harga lang:id
2014-01-30 06:44:31+00:00,MalaysiaGazette,Kenaikan harga melampau di restoran mamak http://t.co/jyOBmE0RJj @MalaysiaGazette,428780748808536064,kenaikan harga lang:id
2014-01-30 03:31:36+00:00,BOLTClub,"@Al_721 @pasfm untuk harga paket bukanlah harga promo , sehingga blm ada rencana untuk kenaikan harga tersebut",428732197768409088,kenaikan harga lang:id
2014-01-30 02:12:44+00:00,beautifulnara,Kempen Penurunan Harga 2014: Bantu Tangani Kenaikan Kos Sara Hidup http://t.co/qgFjONe2Kv via @beautifulnara,428712353140457472,kenaikan harga lang:id
2014-01-30 01:21:38+00:00,beautifulnara,Kempen Penurunan Harga 2014: Bantu Tangani Kenaikan Kos Sara Hidup http://t.co/TrXp6fD01D,428699490879410176,kenaikan harga lang:id
2014-01-29 11:07:32+00:00,infoRIAU,"Ringgit Lemah, Harga TBS Riau Alami Kenaikan http://t.co/ciCmkCxXtu (RiauTrust)",428484551497641984,kenaikan harga lang:id
2014-01-29 03:26:45+00:00,GWirjawan,"""Kenaikan harga cabe, beras, tomat dan minyak goreng terjadi karena pasokan domestik belum mencukupi"" - Gita Wirjawan. -blb",428368592413786112,kenaikan harga lang:id
2014-01-29 03:25:32+00:00,GWirjawan,"""Penyebab utama kenaikan harga karena banjir, sehingga distribusinya menjadi terganggu."" - Gita Wirjawan. -blb",428368284195381248,kenaikan harga lang:id
2014-01-28 20:04:57+00:00,501Awani,Pemuda UMNO turut bantu kawal kenaikan harga barang - Khairy http://t.co/zlGxlTPmN6,428257407157141504,kenaikan harga lang:id
2014-01-28 18:40:46+00:00,tribunjogja,Banjir Picu Kenaikan Harga Minyak Goreng Curah di Magelang http://t.co/CgKV9SSQq5,428236221039792128,kenaikan harga lang:id
2014-01-28 18:24:01+00:00,tribunjogja,Banjir Picu Kenaikan Harga Minyak Goreng Curah di Magelang http://t.co/CgKV9SSQq5,428232007257440256,kenaikan harga lang:id
2014-01-28 15:50:53+00:00,beritartm,28 Jan - KDN Akan Bantu KPDNKK Tangani Isu Kenaikan Harga... http://t.co/OuySqTNhhA,428193468565823488,kenaikan harga lang:id
2014-01-28 11:55:22+00:00,bernamadotcom,KDN akan membantu KPDNKK dalam menyelesaikan isu kenaikan harga barangan di pasaran.,428134199929761793,kenaikan harga lang:id
2014-01-28 08:02:29+00:00,Stakof,"Yi Buchori juga tahu kok :p RT @nanuuchan: berapa ratus ribu nikuuu? XD ""@Stakof: *dengerin ibu² pada rapat soal kenaikan harga cabai*""",428075594148876288,kenaikan harga lang:id
2014-01-28 07:52:58+00:00,Stakof,*halah* RT @FendiArdha: Cabe-Cabean bukan Bib?  @Stakof: *dengerin ibu² pada rapat soal kenaikan harga cabai*,428073199243251712,kenaikan harga lang:id
2014-01-28 07:48:16+00:00,Stakof,*dengerin ibu² pada rapat soal kenaikan harga cabai*,428072016034275328,kenaikan harga lang:id
2014-01-28 03:59:15+00:00,Metro_TV,"Akibat Minimnya Stok, Harga Cabai Alami Kenaikan http://t.co/VgF5ShhwfB",428014380777615360,kenaikan harga lang:id
2014-01-28 03:48:52+00:00,Kemenperin_RI,Kemenperin: Kenaikan TDL Industri Akan Kerek Harga Produk http://t.co/lPkEoZ4ho4 #BeritaIndustri,428011770356039680,kenaikan harga lang:id
2014-01-28 02:26:20+00:00,tm_insider,"Pemuda Umno bantu kawal kenaikan harga barang, kata Khairy: Ketua Pergerakan Pemuda Umno, Khairy Jamaluddin Ab... http://t.co/vKCN31Cni1",427990999021793280,kenaikan harga lang:id
2014-01-28 02:21:25+00:00,bharianmy,Pemuda UMNO bantu pantau kenaikan harga barang http://t.co/DRZeI2GEs8,427989761525968896,kenaikan harga lang:id
2014-01-28 02:14:05+00:00,umnoonline,Pemuda UMNO Turut Bantu Kawal Kenaikan Harga Barang – Khairy http://t.co/RIjLf95l9s #UMNO #Malaysia,427987917391147008,kenaikan harga lang:id
2014-01-27 11:04:54+00:00,umnoonline,Usaha Serius Kerajaan Tangani Kenaikan Harga Barang Tolak Tohmahan Pembangkang http://t.co/NmuLNpL6P0 #UMNO #Malaysia,427759112684716032,kenaikan harga lang:id
2014-01-27 10:21:24+00:00,detikcom,Mentan Suswono Usul Kenaikan Harga Pupuk Subsidi di 2014 http://t.co/EzcNhhj2yt via @detikfinance,427748167426117632,kenaikan harga lang:id
2014-01-27 09:11:03+00:00,detikfinance,Mentan Suswono Usul Kenaikan Harga Pupuk Subsidi di 2014 http://t.co/SGdWqOOXJY,427730459544403968,kenaikan harga lang:id
2014-01-27 00:23:41+00:00,bharianmy,Pemimpin persatuan perlu terangkan isu kenaikan harga http://t.co/0rt23MuvlS,427597744216096768,kenaikan harga lang:id
2014-01-27 00:18:28+00:00,bharianmy,Bekerjasama pantau kenaikan harga http://t.co/P976WyR1MB,427596432754114560,kenaikan harga lang:id
2014-01-26 14:19:17+00:00,SinarOnline,Pemborong: Kaji kenaikan harga ayam di ladang #SHNasional http://t.co/W96gXfRXjN,427445641489293313,kenaikan harga lang:id
2014-01-26 06:50:11+00:00,501Awani,Hasan Malek: Ops Harga berjaya atasi kenaikan harga barangan http://t.co/bqove4TPS8,427332624705921024,kenaikan harga lang:id
2014-01-25 12:47:22+00:00,umnoonline,KKLW Bergerak Secara Bersepadu Dengan Kementerian Lain Atasi Kenaikan Harga Barang http://t.co/7skpamKYI1 #UMNO #Malaysia,427060124989935616,kenaikan harga lang:id
2014-01-25 11:08:28+00:00,mediaindonesia,"Pascabanjir Jakarta, Harga Sembako Alami Kenaikan http://t.co/OuvfeXaDNX",427035233448243200,kenaikan harga lang:id
2014-01-25 07:49:28+00:00,bernamadotcom,KKLW Bergerak Secara Bersepadu Dengan Kementerian Lain Atasi Kenaikan Harga Barang http://t.co/PvNG1LrhEh,426985153466863616,kenaikan harga lang:id
2014-01-25 07:42:55+00:00,beritartm,25 Januari - KKLW Bergerak Secara Bersepadu Dengan Kementerian Lain Atasi Kenaikan Harga Barang... http://t.co/j7MiKJLLO8,426983507798138880,kenaikan harga lang:id
2014-01-25 06:38:57+00:00,Indonesia_Pedia,#beritaSMG Pertamina Akui Ada Kenaikan Harga BBM di Wilayah Bencana http://t.co/nuUv24QFjG | suaramerdeka,426967407270170624,kenaikan harga lang:id
2014-01-25 05:33:33+00:00,suaramerdeka,Pertamina Akui Ada Kenaikan Harga BBM di Wilayah Bencana http://t.co/R6g8gMZdhC,426950950859702272,kenaikan harga lang:id
2014-01-25 05:23:11+00:00,suaramerdeka,Pertamina Akui Ada Kenaikan Harga BBM di Wilayah Bencana http://t.co/ZGkvqflU5j,426948339075018752,kenaikan harga lang:id
2014-01-24 22:20:10+00:00,antaranews,Harga emas berjangka catat kenaikan mingguan beruntun kelima http://t.co/7Ui1MsXIBX,426841886519603200,kenaikan harga lang:id
2014-01-24 18:34:43+00:00,tribuntimur,"TRIBUN TIMUR Kenaikan Harga Tanah di Makassar Kejar Jakarta: Akbar kembali menjelaskan,... http://t.co/ks2psaq9xG http://t.co/QBfZpcRths",426785148709773312,kenaikan harga lang:id
2014-01-24 18:34:35+00:00,tribuntimur,"Kenaikan Harga Tanah di Makassar Kejar Jakarta: Akbar kembali menjelaskan, ""Itu untuk yang dipinggir jalan, ka... http://t.co/ISCIcMtCEQ",426785114157109248,kenaikan harga lang:id
2014-01-24 14:31:21+00:00,anwaribrahim,"Isu Utama! ""@Afy_Adriamie: Berapa ramai YB2 Pakatan Rakyat yg benar2 ambil berat dan prihatin dgn isu kenaikan harga barang?  @rafiziramli""",426723904074162177,kenaikan harga lang:id
2014-01-24 07:05:08+00:00,KontanNews,"Sepekan, harga minyak toreh kenaikan 3,4% http://t.co/g57QswDPfz",426611610593923072,kenaikan harga lang:id
2014-01-24 03:36:11+00:00,CiputraWay,"Salah Perpsepsi, Penaikan NJOP Dorong Kenaikan Harga Properti http://t.co/90XSim2xx8",426559025656786944,kenaikan harga lang:id
2014-01-24 00:53:46+00:00,infotegal,Kenaikan Harga LPG 12 KG Picu Inflasi http://t.co/HO1JAcm5f7 #beritaTGL,426518151619026944,kenaikan harga lang:id
2014-01-23 20:45:55+00:00,Bisniscom,"Salah Persepsi, Kenaikan NJOP Dongkrak Lagi Harga Properti Jakarta http://t.co/UpBSlKMUOl",426455778346545152,kenaikan harga lang:id
2014-01-23 12:16:12+00:00,myTranstweet,Mau tauuu gimana Kenaikan Harga LPG Di Mata Indonesia Lawak Klub? Ada tayangan ulangnya di http://t.co/E4gnaK91ki cc: @LawakKlubTrans7,426327502898741248,kenaikan harga lang:id
2014-01-23 09:19:55+00:00,Bernama_Radio,Para peniaga disaran bekerjasama dengan kerajaan untuk mencari kaedah menangani isu kenaikan harga barangan di pasaran semasa - KPDNKK,426283142899462144,kenaikan harga lang:id
2014-01-23 09:15:22+00:00,umnoonline,Peniaga Disaran Bantu Kerajaan Cari Kaedah Tangani Isu Kenaikan Harga http://t.co/SfeCJgmVmo #UMNO #Malaysia,426281995837005824,kenaikan harga lang:id
2014-01-23 08:07:05+00:00,bharianmy,Peniaga disaran bantu kerajaan cari kaedah tangani isu kenaikan harga http://t.co/QVIsOKdBRy,426264812642136065,kenaikan harga lang:id
2014-01-23 07:07:43+00:00,uphimpactslives,"@Irene_Damay ada bbrp tahap. kamu mau apply FK ya? jgn telat melengkapi persyaratan ya, tiap kenaikan gelombang, harga juga berubah.",426249873684316162,kenaikan harga lang:id
2014-01-23 06:40:01+00:00,merdekadotcom,Bea masuk bahan kemasan plastik dongkrak kenaikan harga minuman http://t.co/Gl2LQtTRi1 #Riil,426242902914633729,kenaikan harga lang:id
2014-01-22 12:15:12+00:00,bernamadotcom,"Pasaran hartanah di JB, termasuk Iskandar Malaysia terkesan daripada langkah2 pihak berkuasa kawal kenaikan mendadak harga hartanah - REDHA",425964864092135424,kenaikan harga lang:id
2014-01-22 05:39:10+00:00,harakahdailyHD,BERITA TERBARU --&gt;  Surat terbuka kedua kepada Najib dan Kabinet: Perbuatan memutar-belit isu kenaikan harga... http://t.co/IuU78Z3J8h,425865198004895744,kenaikan harga lang:id
2014-01-22 05:20:20+00:00,KompasTV,Banjir di Pantura menyebabkan kenaikan harga sejumlah bahan pokok hingga 50%! Apa saja? Simak #KompasSiang sekarang,425860461062791168,kenaikan harga lang:id
2014-01-22 05:02:41+00:00,umnoonline,Kenaikan Harga Barang : Pembangkang Hanya Pandai Cucuh Api http://t.co/90Wn1vlkQ7 #UMNO #Malaysia,425856019923628032,kenaikan harga lang:id
2014-01-22 04:50:05+00:00,KompasTV,Banjir di Pantura menyebabkan kenaikan harga sejumlah bahan pokok hingga 50%! Apa saja? Simak #KompasSiang pkl 12.00 WIB,425852849164410880,kenaikan harga lang:id
2014-01-21 23:30:01+00:00,UMonline,Bendung kenaikan #harga #barang http://t.co/7MHxyburP0 #BeritaMalaysia #BeritaUtusan,425772301997834241,kenaikan harga lang:id
2014-01-21 16:02:16+00:00,tunfaisal,Hati2 dgn peniaga dap &amp; PR RT @aril_pendangjr: Pembangkang Putar Belit Isu Kenaikan Harga Barang http://t.co/Mq7HDXLOfS,425659618207883265,kenaikan harga lang:id
2014-01-21 12:59:58+00:00,suaramerdeka,Bencana Banjir Picu Kenaikan Harga Sayur Mayur http://t.co/dEi8ivlQCe,425613740868788224,kenaikan harga lang:id
2014-01-21 12:33:18+00:00,Bisniscom,Jepang Pacu Kenaikan Harga Properti http://t.co/gnA1aAKt6O,425607031383289858,kenaikan harga lang:id
2014-01-21 11:43:23+00:00,antaranews,Kenaikan tarif listrik bakal dongkrak harga garmen hingga 50 persen http://t.co/EKeqc0RWbx,425594468369055744,kenaikan harga lang:id
2014-01-21 10:49:49+00:00,501Awani,"Muhyiddin jelas langkah kerajaan kurangkan kenaikan harga, kos hidup
 http://t.co/1ktsVQBDeJ",425580991374458880,kenaikan harga lang:id
2014-01-21 10:31:10+00:00,harakahdailyHD,BERITA TERBARU --&gt;  Muhyiddin jelas langkah k'jaan bendung kenaikan harga: LONDON: Muhyiddin berkata kenaikan... http://t.co/hCy5DqweqK,425576294940962816,kenaikan harga lang:id
2014-01-21 09:59:18+00:00,beritartm,"21 Jan - TPM - Jelas Langkah Kerajaan Kurangkan Kenaikan Harga, Kos... http://t.co/yHNBisQC17",425568276387991552,kenaikan harga lang:id
2014-01-21 09:55:05+00:00,bernamadotcom,"Muhyiddin Jelas Langkah Kerajaan Kurangkan Kenaikan Harga, Kos Hidup http://t.co/YdFT4IvMXb",425567216243732480,kenaikan harga lang:id
2014-01-21 09:38:28+00:00,bharianmy,"Muhyiddin jelas langkah kerajaan kurangkan kenaikan harga, kos hidup http://t.co/y5LVHI0jnv",425563032597823488,kenaikan harga lang:id
2014-01-21 09:31:04+00:00,tm_insider,"Muhyiddin jelas langkah kerajaan kurangkan kenaikan harga, kos hidup: Timbalan Perdana Menteri Malaysia Tan Sr... http://t.co/f9S3d42Crh",425561170343239680,kenaikan harga lang:id
2014-01-21 09:03:50+00:00,Bernama_Radio,Kerajaan Malaysia telah melaksanakan pelbagai langkah dan strategi untuk mengurangkan kenaikan harga dan kos hidup - TPM,425554319513894912,kenaikan harga lang:id
2014-01-21 01:05:01+00:00,merdekadotcom,Tradisi kenaikan harga di tengah bencana http://t.co/uJCWdosfnv #Riil,425433821001957376,kenaikan harga lang:id
2014-01-20 22:30:03+00:00,KontanNews,Prospek LSIP tertopang kenaikan harga CPO http://t.co/v94shyykkW,425394819246985217,kenaikan harga lang:id
2014-01-20 19:39:33+00:00,Indonesia_Pedia,#beritaSMG FITRA: Kenaikan Harga LPG Atas Kendali Mafia http://t.co/znqEee5Y8v | suaramerdeka,425351911676473344,kenaikan harga lang:id
2014-01-20 19:22:36+00:00,suaramerdeka,FITRA: Kenaikan Harga LPG Atas Kendali Mafia http://t.co/cIBiRwr5IG,425347646132219905,kenaikan harga lang:id
2014-01-20 19:18:12+00:00,suaramerdeka,FITRA: Kenaikan Harga LPG Atas Kendali Mafia http://t.co/xlVFSsvexy,425346542413680640,kenaikan harga lang:id
2014-01-20 14:16:21+00:00,Bisniscom,"Kenaikan Harga Tanah Diredam, Rumah Bersubsidi Bisa Meningkat 20% http://t.co/l5yqdQE4Fe",425270578467991552,kenaikan harga lang:id
2014-01-20 09:48:26+00:00,BuletinTV3,"""@BNfor1Malaysia: PORTAL: Sensasikan Kenaikan Harga Barang Jalan Mudah Pembangkang Elak Bantu Rakyat:",425203153709965312,kenaikan harga lang:id
2014-01-20 09:33:09+00:00,umnoonline,Sensasikan Kenaikan Harga Barang Jalan Mudah Pembangkang Elak Bantu Rakyat http://t.co/UyTGs0cMxT #UMNO #Malaysia,425199307784871937,kenaikan harga lang:id
2014-01-20 07:01:03+00:00,bernamadotcom,"Kakitangan awam boleh membantu kerajaan dalam menangani isu kenaikan harga sesetengah barang kini, kata Menteri Besar Perlis Azlan Man.",425161031992635392,kenaikan harga lang:id
2014-01-20 06:53:11+00:00,harakahdailyHD,BERITA TERBARU --&gt;  Barang naik: Kerajaan kambing hitamkan peniaga: Punca Kenaikan Harga Barang Dan Kos Hidup... http://t.co/5W3q2cra6Z,425159049152581632,kenaikan harga lang:id
2014-01-20 04:32:46+00:00,kosmo_online,ALOR SETAR - Pengguna diminta tidak terpengaruh maklumat kenaikan harga di internet. http://t.co/6IOatVeeGs,425123715609673728,kenaikan harga lang:id
2014-01-19 22:18:09+00:00,Beritasatu,"Dipicu Kurs, Kenaikan Harga Baja Tak Terhindarkan  http://t.co/Yxiqx8YAWJ",425029439026524160,kenaikan harga lang:id
2014-01-19 18:38:49+00:00,antaranews,Kenaikan harga baja tak terhindarkan http://t.co/ii235loRqI,424974242594058240,kenaikan harga lang:id
2014-01-19 14:30:02+00:00,KotaBalikpapan,#NewsBPN Kenaikan Harga Obat Generik Tak Pengaruhi Pelayanan Kesehatan http://t.co/qMe98sBIC9,424911631999434752,kenaikan harga lang:id
2014-01-19 09:47:08+00:00,DrDzul,Mukhriz bimbang kenaikan harga barang bakal tumbangkan BN PRU14 http://t.co/3qOUs4jYze Jangan bimbang klu BUAT KERJA YG BETUL DGN BETUL YAB!,424840439741444096,kenaikan harga lang:id
2014-01-19 09:15:40+00:00,tm_insider,Mukhriz bimbang siri kenaikan harga barang bakal tumbangkan BN dalam PRU14: Datuk Seri Mukhriz Mahathir (gamba... http://t.co/OkQ2esJ6kS,424832521734332417,kenaikan harga lang:id
2014-01-19 08:39:58+00:00,tm_insider,"Lari dari isu kenaikan harga barang, Umno main sentimen perkauman, kata Guan Eng: Umno sengaja memainkan isu p... http://t.co/7pTlzTQV0g",424823535039545344,kenaikan harga lang:id
2014-01-19 05:50:06+00:00,mkini_bm,"'Sekat kos menteri, pegawai kerajaan': Kenaikan harga barangan keperluan harian cabaran utama tahun 2014 dan k... http://t.co/EUKuy7XdPQ",424780788442206209,kenaikan harga lang:id
2014-01-19 03:41:41+00:00,mkini_bm,PKR: Harga naik kenapa salahkah orang tengah?: Kenyataan itu cubaan mengalih pandangan bahawa kenaikan harga b... http://t.co/Sm3b6IvOL0,424748471132774401,kenaikan harga lang:id
2014-01-18 21:33:32+00:00,Harian_Jogja,KENAIKAN HARGA ELPIJI : Fitra Duga Harga Elpiji Dikendalikan Mafia http://t.co/qC1darcHhK,424655822765826048,kenaikan harga lang:id
2014-01-18 13:42:24+00:00,harakahdailyHD,BERITA TERBARU --&gt;  Percikan api perkauman dalam isu kenaikan harga barang: ISU kenaikan harga barang yang... http://t.co/3cWtEYZw3i,424537256184283137,kenaikan harga lang:id
2014-01-18 12:03:14+00:00,anwaribrahim,"""@Afy_Adriamie: sebarkan http://t.co/ysEqYwoCml 1 Juta Tandatangan Rakyat Membantah Kenaikan Pelbagai Harga Barang &amp;amp; Caj Perkhidmatan""",424512300322938880,kenaikan harga lang:id
2014-01-18 11:55:55+00:00,iamjoelee,Kerajaan jangan politikkan kaum/agama boleh? RT @tm_insider: Pembangkang jangan politikkan isu kenaikan harga barang:http://t.co/Qq2KQJ0vA5,424510461250240512,kenaikan harga lang:id
2014-01-18 10:59:19+00:00,bharianmy,Usah politikkan isu kenaikan harga barang - Shafie http://t.co/VcYJDKcgvF,424496217817899008,kenaikan harga lang:id
2014-01-18 10:30:47+00:00,tm_insider,Pembangkang jangan politikkan isu kenaikan harga barang: Pihak pembangkang diminta supaya tidak terus mempolit... http://t.co/1ROGiGvnBA,424489034396626944,kenaikan harga lang:id
2014-01-18 09:11:32+00:00,bharianmy,"UMNO Putrajaya mahu KPDNKK siasat kenaikan harga  
http://t.co/8GDcIJawzE",424469092951924736,kenaikan harga lang:id
2014-01-18 07:22:20+00:00,umnoonline,Kerajaan Serius Tangani Kenaikan Harga Barang – Muhyiddin http://t.co/H5PvMGRXS8 #UMNO #Malaysia,424441612328919040,kenaikan harga lang:id
2014-01-18 06:16:22+00:00,bharianmy,Kenaikan harga barang berpunca daripada orang tengah: Tengku Adnan http://t.co/vIetjEzIpc,424425008673587200,kenaikan harga lang:id
2014-01-18 04:19:00+00:00,Bernama_Radio,Pemantauan harga barangan oleh kerajaan bukan gimik dan akan dibuat secara berterusan tangani kenaikan kos sara hidup rakyat -- TPM,424395471994368001,kenaikan harga lang:id
2014-01-18 04:06:12+00:00,bernamadotcom,"Pemantauan harga barangan oleh kerajaan bukan gimik, akan dibuat berterusan  tangani kenaikan kos sara hidup rakyat - TPM Muhyiddin",424392253772017664,kenaikan harga lang:id
2014-01-17 11:17:13+00:00,BuletinTV3,Isu kenaikan harga barang. Jangan salahkan kerajaan semata-mata. Rakyat harus juga melihat peranan swasta dalam... http://t.co/mTDI7cAk0v,424138332436987904,kenaikan harga lang:id
2014-01-17 08:56:56+00:00,MalaysiaGazette,Kementerian Kewangan tangani kenaikan harga barangan | Malaysia Gazette - http://t.co/WXhNmr3W5l via @MalaysiaGazette,424103028707192832,kenaikan harga lang:id
2014-01-17 05:52:44+00:00,tm_insider,"Khairy buat pusingan U, bodek sokong kenaikan harga barang, kata PAS: Kenyataan Ketua Pemuda Umno Khairy Jamal... http://t.co/1DFpLX4nSD",424056675146805248,kenaikan harga lang:id
2014-01-17 02:21:57+00:00,SinarOnline,Seminar jelas isu kenaikan harga barang #SHNasional http://t.co/Tvo0k8S4VT,424003629566418944,kenaikan harga lang:id
2014-01-17 01:29:11+00:00,Bernama_Radio,PRESMA setuju tangguhkan cadangan kenaikan harga makanan dan minuman yang dijual di restoran-restoran  milik anggota persatuan itu.,423990351624273920,kenaikan harga lang:id
2014-01-16 23:00:55+00:00,Bernama_Radio,"Pegawai pendidikan daerah, pengetua &amp; guru besar diminta pantau harga makanan &amp; minuman di kantin bg memastikan tiada kenaikan harga",423953038361899008,kenaikan harga lang:id
2014-01-16 21:44:13+00:00,antaranews,Harga emas berjangka cetak kenaikan pertama dalam tiga sesi http://t.co/YseLpMc6x3,423933734119690241,kenaikan harga lang:id
2014-01-16 13:35:03+00:00,merdekadotcom,"Kerap terjadi kenaikan harga, bukti SBY gagal atasi kemiskinan http://t.co/lXGNz83Aiu #Riil",423810633780326400,kenaikan harga lang:id
2014-01-16 12:18:41+00:00,bernamadotcom,Persatuan Pengusaha Restoran Muslim Malaysia setuju tangguh cadangan kenaikan harga makanan dan minuman http://t.co/qruz2ax8Zu,423791414514696192,kenaikan harga lang:id
2014-01-16 11:20:09+00:00,kosmo_online,KUALA LUMPUR - #Presma setuju tangguh kenaikan harga makanan dan minuman. http://t.co/auSfK2zFsJ,423776684643323904,kenaikan harga lang:id
2014-01-16 11:20:02+00:00,liputan6dotcom,Kenaikan Harga Elpiji 12 Kg Tak Berpengaruh Besar ke Inflasi http://t.co/g7LWjZMT0r,423776655358713856,kenaikan harga lang:id
2014-01-16 10:03:19+00:00,pikiran_rakyat,[Ekonomi] Harga Sayuran di Subang Mengalami Kenaikan http://t.co/8nzUvLcKmY,423757347748466688,kenaikan harga lang:id
2014-01-16 10:01:12+00:00,niknazmi,baru melawat pasar @Khairykj jd pakar kenaikan harga. Mcm org makan #kangkung jd pakar kangkung?,423756814816014336,kenaikan harga lang:id
2014-01-16 09:08:20+00:00,umnoonline,Skuad Pengguna Pemuda Ditubuh Bagi Pantau Kenaikan Harga Barangan http://t.co/7zmLNZkgzx #UMNO #Malaysia,423743512203390976,kenaikan harga lang:id
2014-01-16 09:05:09+00:00,BookClubIndo,"@atiknoe mohon maaf sebelumnya, beberapa penerbit memang ada kenaikan harga, mohon info nomor ordernya yah agar bisa mimin bantu cek?",423742709208064000,kenaikan harga lang:id
2014-01-16 09:00:12+00:00,IklanBalikpapan,Kenaikan Harga Elpiji 12 Kg Dikendalikan Mafia http://t.co/ZnhfUUFSDW #Nasional,423741464896475136,kenaikan harga lang:id
2014-01-16 08:35:58+00:00,Beritasatu,Fitra: Kenaikan Harga Elpiji 12 Kg Diprakondisikan Pemerintah http://t.co/Ci29ZubS74,423735364633653248,kenaikan harga lang:id
2014-01-16 07:46:26+00:00,infoRIAU,"Kerap Terjadi Kenaikan Harga, Bukti SBY Gagal Atasi Kemiskinan http://t.co/ACjV7PTIIZ (@RiauLive)",423722901817143296,kenaikan harga lang:id
2014-01-16 07:23:19+00:00,BuletinTV3,"""@sahabatgunung: Skuad Pengguna Pemuda Ditubuh Bagi Pantau Kenaikan Harga Barangan http://t.co/gcPwLBXacN""",423717082006437888,kenaikan harga lang:id
2014-01-16 06:26:52+00:00,Kemendag,4. Beberapa komoditas ada yang mengalami kenaikan dan penurunan harga bahan pokok #Pasar,423702876083339264,kenaikan harga lang:id
2014-01-16 06:22:22+00:00,umnoonline,Skuad Pengguna Pemuda Ditubuh Bagi Pantau Kenaikan Harga Barangan - Khairy http://t.co/XYd2ohSUe3 #UMNO #Malaysia,423701744481099776,kenaikan harga lang:id
2014-01-16 06:02:35+00:00,Bisniscom,"Data AS Tekan Harga Emas, Kenaikan 0,02% Hanya Sementara http://t.co/aCfOovwR99",423696764160331776,kenaikan harga lang:id
2014-01-16 02:42:32+00:00,Bernama_Radio,"Kenaikan harga barang di sekolah: Kepemimpinan tertinggi Kem Pend. termasuk Menteri, pegawai di peringkat negeri &amp; daerah akn turun padang.",423646421762318336,kenaikan harga lang:id
2014-01-16 02:00:03+00:00,bharianmy,"Menteri, pegawai pendidikan turun padang pantau kenaikan harga barang di sekolah http://t.co/8jAlYl8sza",423635728023965697,kenaikan harga lang:id
2014-01-16 01:17:07+00:00,Metro_TV,Persediaan AS Anjlok Picu Kenaikan Harga Minyak Dunia http://t.co/jtL7Ow2es5,423624926801559553,kenaikan harga lang:id
2014-01-15 23:47:40+00:00,mkini_bm,Demonstrasi 'kangkung' bantah kenaikan harga: Satu demonstrasi kecil malam tadi ekoran kenaikan harga barang-b... http://t.co/LOw5nyuV2z,423602413505757184,kenaikan harga lang:id
2014-01-15 22:11:26+00:00,Beritasatu,Kenaikan Harga Minyak Dunia Dipicu Anjloknya Persediaan AS http://t.co/DR666WnKOD,423578197842604032,kenaikan harga lang:id
2014-01-15 12:33:01+00:00,BuletinTV3,Kabinet turun padang bertemu peniaga &amp; pengguna bg memantau dan mencari punca kenaikan harga barangan di pasar... http://t.co/hm4oXzr3Ac,423432634698833920,kenaikan harga lang:id
2014-01-15 11:14:10+00:00,umnoonline,Jawatankuasa Khas Kabinet Diharap Mampu Kekang Kenaikan Harga Barang – Ahmad Maslan http://t.co/NogeFC78fc #UMNO #Malaysia,423412790120828929,kenaikan harga lang:id
2014-01-15 09:11:52+00:00,bernamadotcom,TPM Muhyiddin umum penubuhan Jawatankuasa Khas Menangani Kos Sara Hidup bagi tangani isu kenaikan kos sara hidup rakyat dan harga barang,423382011344994304,kenaikan harga lang:id
2014-01-15 08:20:58+00:00,emtrade_id,"5) Betul sekali,kenaikan harga pada saat terjadi Dead Cat Bounce itu sifatnya sementara saja.Bagaimana bisa tau? #TradingProfits",423369203526402049,kenaikan harga lang:id
2014-01-14 20:54:51+00:00,Putuputrayasa,"Hidup seperti lomba lari, mana yang menang? Kenaikan penghasilan atau kenaikan harga-harga barang? #88Tips",423196537788067840,kenaikan harga lang:id
2014-01-14 18:25:15+00:00,infojogja,"#kuliner 15jan'14 | Kenaikan harga gorengan di beberapa burjo di #Jogja menjadi: Rp.700/biji ,Rp2000/3biji",423158886191751168,kenaikan harga lang:id
2014-01-14 11:10:18+00:00,infoRIAU,Disperindag Riau Antisipasi Kenaikan Harga dan Kelangkaan Sembako http://t.co/67yXIu1FNq (DumaiHeadline),423049427566084096,kenaikan harga lang:id
2014-01-14 10:47:29+00:00,tvOneNews,[Video] Pedagang Pasar Tanah Tinggi Tolak Kenaikan Harga Sewa Lapak http://t.co/6PYPscBqfO,423043685500997632,kenaikan harga lang:id
2014-01-14 09:16:38+00:00,IklanBalikpapan,"Kenaikan Harga Elpiji Sebanding dengan 1,5 Batang Rokok http://t.co/XIzOESSNNp #Nasional",423020823578824704,kenaikan harga lang:id
2014-01-14 00:39:04+00:00,SinarOnline,Kenaikan harga beri kesan pada insurans #SHBisnes http://t.co/U1KWe0fM7o,422890573000114176,kenaikan harga lang:id
2014-01-13 15:52:40+00:00,niknazmi,"@Khairykj ketika rakyat tanggung kenaikan harga, pimpinan BN spt Hasan Malek &amp; @NajibRazak pula dtg dgn kenyataan kurang cerdik #kangkung",422758101729546241,kenaikan harga lang:id
2014-01-13 15:44:29+00:00,beritaKBR,"Kemendag: Kenaikan Harga Daging Hanya 0,8 Persen http://t.co/vUoDGN3GkT",422756043936899072,kenaikan harga lang:id
2014-01-13 15:32:25+00:00,MalaysiaGazette,Beli barang KRIM kurangkan beban kenaikan harga barang | Malaysia Gazette - http://t.co/X8VD6tskh3 via @MalaysiaGazette,422753007114014720,kenaikan harga lang:id
2014-01-13 13:10:34+00:00,KompasTV,"Apa kata Said Didu, Kurtubi dan Sutan Batoegana tentang kenaikan harga elpiji 12 Kg. Simak selengkapnya di #SatuMeja pkl 22.00 WIB",422717308008955904,kenaikan harga lang:id
2014-01-13 12:00:02+00:00,UMonline,Kenaikan #harga barang: Tiada lagi amaran - Hasan http://t.co/J0CS8hnvR2 #beritautusan #beritamalaysia #kpdnkk,422699559173636096,kenaikan harga lang:id
2014-01-13 08:10:21+00:00,KompasTV,"Said Didu, Sutan Bathoegana, Uchok Sky Kadafi &amp; Kurtubi duduk bersama dlm program #SatuMeja membahas kenaikan harga elpiji pkl 22.00 WIB",422641756329746432,kenaikan harga lang:id
2014-01-13 08:07:41+00:00,bernamadotcom,KPDNKK akan memanggil Persatuan Pengusaha Restoran Muslim Malaysia (Presma) bagi mendapatkan penjelasan kenaikan harga makanan pada Mac lalu,422641084011778048,kenaikan harga lang:id
2014-01-13 08:04:59+00:00,UMonline,Kenaikan #harga barang: Tiada lagi amaran - Hasan http://t.co/J0CS8hnvR2 #beritautusan #beritamalaysia #kpdnkk,422640405285335040,kenaikan harga lang:id
2014-01-13 07:32:10+00:00,BuletinTV3,Pengguna harus buat aduan rasmi kpd KPDNKK jika ada kenaikan harga barang pd musim perayaan - Hasan Malek,422632148534042624,kenaikan harga lang:id
2014-01-13 06:48:24+00:00,ohtweet,"Dengan pelbagai kenaikan kos hidup hingga menjerut leher,  inisiatif untuk menurunkan harga Kangkung amatlah patut dipuji. Teach me masta!",422621132404301825,kenaikan harga lang:id
2014-01-13 05:10:18+00:00,detikfinance,"Jakarta Banjir, Hatta Waspadai Kenaikan Harga Beras http://t.co/ShBkRtuUdL",422596445447806976,kenaikan harga lang:id
2014-01-13 03:10:23+00:00,KompasTV,Benarkah Pertamina merugi karena elpiji atau kenaikan harga elpiji hanya sebuah drama meraih simpati? Simak #SatuMeja pkl 22.00 WIB,422566265698648067,kenaikan harga lang:id
2014-01-13 01:10:23+00:00,KompasTV,"Kenaikan harga Elpiji 12 Kg yang tiba-tiba, dan diturunkan secara tiba-tiba pun mengundang pertanyaan. #SatuMeja membahasnya pkl 22.00 WIB",422536066898608128,kenaikan harga lang:id
2014-01-12 08:16:55+00:00,Gus_Sholah,"Kita nikmati Saja.@WidjayaJeremia: @Gus_Sholah Saat ini banyak sinetron politik yg dimainkan tokoh politik mulai dari kenaikan harga gas,dll",422281019526369280,kenaikan harga lang:id
2014-01-12 08:06:34+00:00,UMonline,Kenaikan harga : Usahlah salahkan kerajaan semata-mata - Najib http://t.co/wGRLCnh6xh #beritautusan #PMmalaysia #NajibRazak,422278416105492480,kenaikan harga lang:id
2014-01-12 08:05:51+00:00,tm_insider,"Kenaikan harga: Usah salahkan kerajaan semata-mata, kata Najib: Datuk Seri Najib Razak (gambar) hari ini berka... http://t.co/SMKwBzsqMJ",422278235435433984,kenaikan harga lang:id
2014-01-12 07:40:03+00:00,KontanNews,Apfindo dukung kenaikan harga referensi impor sapi http://t.co/urgs8a8B6p,422271744502546433,kenaikan harga lang:id
2014-01-12 06:15:08+00:00,Bernama_Radio,Datuk Seri Najib Tun Razak berkata adalah tidak adil menyalahkan kerajaan semata-mata apabila berlaku kenaikan harga barangan.,422250371793158144,kenaikan harga lang:id
2014-01-12 06:00:25+00:00,umnoonline,Kenaikan Harga: Usahlah Salahkan Kerajaan Semata-Mata – Najib http://t.co/dY6ubCufpm #UMNO #Malaysia,422246667128016896,kenaikan harga lang:id
2014-01-12 05:45:56+00:00,bernamadotcom,Datuk Seri Najib Tun Razak hari ini berkata adalah tidak adil menyalahkan kerajaan semata-mata apabila berlaku kenaikan harga barangan.,422243025478119425,kenaikan harga lang:id
2014-01-12 05:41:22+00:00,CityHype_SMG,#HCNews Mahasiswa Semarang tolak SJSN dan kenaikan harga LPG http://t.co/4koW4w8iid,422241876712779776,kenaikan harga lang:id
2014-01-11 22:26:52+00:00,kompasiana,Kado Kenaikan Harga Elpiji 12 Kilogram di Tahun Baru http://t.co/LNznz1PVhz,422132529424900096,kenaikan harga lang:id
2014-01-11 14:15:12+00:00,BuletinTV3,Harga kelapa di sekitar Selangor naik sejak beberapa minggu lalu. Bagaimanapun kadar kenaikan yag berpunca dari... http://t.co/Ua7Quxa33U,422008799248257024,kenaikan harga lang:id
2014-01-11 13:36:50+00:00,Bisniscom,JCI: Kenaikan Harga Elpiji Dampak Terbatasnya Sumber Daya Energi http://t.co/RRMYRvfvf5,421999143930699776,kenaikan harga lang:id
2014-01-11 11:17:56+00:00,tunfaisal,"5. Guna wang penjimatan utk turunkan harga tanah,rumah,sewa dlm sgor @Khalid_Ibrahim  RT @taipanmaster: Selangor beku kenaikan gaji MB, exco",421964185988120576,kenaikan harga lang:id
2014-01-11 11:15:40+00:00,tunfaisal,"4. Segera wujudkan sistem rebat utk kurangkan harga petrol, gula, tol dlm sgor @Khalid_Ibrahim RT @taipanmaster: Sgor beku kenaikan gaji MB",421963616737181696,kenaikan harga lang:id
2014-01-11 08:06:29+00:00,ohtweet,Flashmob di hadapan PKNS Shah Alam ketika ini bagi membantah kenaikan harga barang. Mereka akan mengumpul... http://t.co/Ipzno6qVQf,421916008270798848,kenaikan harga lang:id
2014-01-11 07:35:28+00:00,Metro_TV,Kenaikan Harga Pangan http://t.co/NnHvhRn1ga,421908202024759296,kenaikan harga lang:id
2014-01-11 05:17:53+00:00,detikcom,Ini Alasan Toyota Tolak Kenaikan Harga Agya http://t.co/cofw10cag3 via @detikoto,421873577244102656,kenaikan harga lang:id
2014-01-11 05:10:53+00:00,detikoto,Ini Alasan Toyota Tolak Kenaikan Harga Agya http://t.co/1enxsZHUB4,421871815615463425,kenaikan harga lang:id
2014-01-11 04:53:33+00:00,tm_insider,"Jawapan kepada kenaikan harga telur - Harris Nasril: Telur sudah naik harga.

Di sini dikumpulkan cadangan ol... http://t.co/NsFCwg3Tla",421867453438636032,kenaikan harga lang:id
2014-01-11 01:35:32+00:00,beritartm,"Ulasan Berita 11 Januari - Isu kenaikan harga barangan keperluan harian, terutama ikan!

Klik! Untuk mendengar... http://t.co/sTQgm6qAmY",421817620275675136,kenaikan harga lang:id
2014-01-11 00:05:35+00:00,Bisniscom,Dolar AS Melemah Picu Kenaikan Harga Minyak WTI http://t.co/CHX9IzLSPd,421794984619032577,kenaikan harga lang:id
2014-01-09 22:35:59+00:00,Bernama_Radio,Kenaikan harga barangan itu mungkin disebabkan faktor cuaca ataupun kurangnya bekalan di negara pengeksport - DS @NajibRazak,421410048867172352,kenaikan harga lang:id
2014-01-09 22:31:34+00:00,Bernama_Radio,Kenaikan harga barangan seperti yang dilaporkan kebelakangan ini bukan berpunca daripada kerajaan.- PM DS @NajibRazak,421408936000905217,kenaikan harga lang:id
2014-01-09 15:27:03+00:00,501Awani,"Tiada kenaikan harga petrol RON95 seperti yang didakwa - Ahmad Maslan

http://t.co/ZuFP5LzzRr",421302104754765824,kenaikan harga lang:id
2014-01-09 13:10:45+00:00,SinarOnline,Wacana Sinar kupas isu kenaikan harga http://t.co/duA2n5oOFV,421267801610158080,kenaikan harga lang:id
2014-01-09 11:56:35+00:00,IklanBalikpapan,Yenny 3 Kucing Sesalkan Kenaikan Harga Elpiji 12 Kg http://t.co/p4cvQvf23D #Nasional,421249136944365568,kenaikan harga lang:id
2014-01-09 11:19:37+00:00,bernamadotcom,Bukan semua kenaikan harga barangan berpunca daripada keputusan kerajaan - PM Najib,421239833218924544,kenaikan harga lang:id
2014-01-09 10:20:19+00:00,tm_insider,"Monopoli kroni punca kenaikan harga, kata Rafizi: Perjanjian konsesi lama yang berat sebelah serta kuasa monop... http://t.co/lnEHem8nVZ",421224910812225536,kenaikan harga lang:id
2014-01-09 09:44:10+00:00,liputan6dotcom,Yenny 3 Kucing Sesalkan Kenaikan Harga Elpiji 12 Kg http://t.co/ndRsq2SQSb,421215812339249153,kenaikan harga lang:id
2014-01-09 09:12:43+00:00,SinarOnline,[DIKEMASKINI] Wacana Sinar kupas isu kenaikan harga #SHNasional http://t.co/oTM0pCAkKu,421207899290210304,kenaikan harga lang:id
2014-02-07 07:18:18+00:00,realmadridindo1,"Ready GK Madrid Ungu dan Ijo Grade Ori (S,M,L,XL) dari @kingdomjersey Harga 90000 SMS 083849235241 BBM 27feead4 http://t.co/yyn9wu3Ntk",431688351268102146,harga BBM lang:id
2014-02-06 09:09:11+00:00,realmadridindo1,"Ready GK Madrid Ungu dan Ijo Grade Ori (S,M,L,XL) dari @kingdomjersey Harga 90000 SMS 083849235241 BBM 27feead4 http://t.co/yyn9wu3Ntk",431353871688925184,harga BBM lang:id
2014-02-06 09:09:02+00:00,realmadridindo1,"Ready Jaket Madrid  White &amp; Black Grade Ori (S,M,L,XL) dari @KingdomJersey Harga 175000 SMS 083849235241 BBM 27feead4 http://t.co/piPxl53NDr",431353831331340288,harga BBM lang:id
2014-02-06 09:08:54+00:00,realmadridindo1,"Ready Madrid Home , Away dan 3rd Ladies (S,M,L) dari @kingdomjersey  Harga 85000 SMS 083849235241 BBM 27feead4 http://t.co/jbfEMRMW59",431353799832117250,harga BBM lang:id
2014-02-06 02:55:33+00:00,WartaNU,PDIP Desak Pemerintah Revisi Perpres Harga Jual Eceran BBM - Republika Online http://t.co/GVYxMoyrzM #NahdlatulUlama,431259844390453250,harga BBM lang:id
2014-02-05 14:56:10+00:00,realmadridindo1,"Ready Madrid Home , Away dan 3rd Ladies (S,M,L) dari @kingdomjersey  Harga 85000 SMS 083849235241 BBM 27feead4 http://t.co/jbfEMRMW59",431078804484681730,harga BBM lang:id
2014-02-05 14:55:42+00:00,realmadridindo1,"Ready Jaket Madrid  White &amp; Black Grade Ori (S,M,L,XL) dari @KingdomJersey Harga 175000 SMS 083849235241 BBM 27feead4 http://t.co/piPxl53NDr",431078685148323840,harga BBM lang:id
2014-02-05 14:55:29+00:00,realmadridindo1,"Ready GK Madrid Ungu dan Ijo Grade Ori (S,M,L,XL) dari @kingdomjersey Harga 90000 SMS 083849235241 BBM 27feead4 http://t.co/yyn9wu3Ntk",431078632568549376,harga BBM lang:id
2014-02-05 04:03:14+00:00,realmadridindo1,"Ready Madrid Home , Away dan 3rd Ladies (S,M,L) dari @kingdomjersey  Harga 90000 SMS 083849235241 BBM 27feead4 http://t.co/jbfEMRMW59",430914487223209987,harga BBM lang:id
2014-02-05 04:03:04+00:00,realmadridindo1,"Ready Jaket Madrid  White &amp; Black Grade Ori (S,M,L,XL) dari @KingdomJersey Harga 175000 SMS 083849235241 BBM 27feead4 http://t.co/piPxl53NDr",430914445162725376,harga BBM lang:id
2014-02-05 04:02:55+00:00,realmadridindo1,"Ready GK Madrid Ungu dan Ijo Grade Ori (S,M,L,XL) dari @kingdomjersey Harga 95000 SMS 083849235241 BBM 27feead4 http://t.co/yyn9wu3Ntk",430914407657250816,harga BBM lang:id
2014-02-05 00:41:00+00:00,sketsaLUCU,"Harga BBM meningkat, Nexian messenger siap jadi alternatifnya.:",430863592343080960,harga BBM lang:id
2014-02-04 15:18:24+00:00,realmadridindo1,"Ready Madrid Home , Away dan 3rd Ladies (S,M,L) dari @kingdomjersey  Harga 90000 SMS 083849235241 BBM 27feead4 http://t.co/jbfEMRMW59",430722011178889216,harga BBM lang:id
2014-02-04 15:18:16+00:00,realmadridindo1,"Ready Jaket Madrid  White &amp; Black Grade Ori (S,M,L,XL) dari @KingdomJersey Harga 175000 SMS 083849235241 BBM 27feead4 http://t.co/piPxl53NDr",430721978060660736,harga BBM lang:id
2014-02-04 15:18:10+00:00,realmadridindo1,"Ready GK Madrid Ungu dan Ijo Grade Ori (S,M,L,XL) dari @kingdomjersey Harga 95000 SMS 083849235241 BBM 27feead4 http://t.co/yyn9wu3Ntk",430721950965460992,harga BBM lang:id
2014-02-03 04:20:03+00:00,liputan6dotcom,Daftar Harga BBM Non Subsidi di 3 SPBU via @Lip6Bisnis http://t.co/GO8NpNYW0p,430193942680719361,harga BBM lang:id
2014-02-02 13:03:56+00:00,realmadridindo1,"Ready Madrid Home , Away dan 3rd Ladies (S,M,L) dari @kingdomjersey  Harga 90000 SMS 083849235241 BBM 27feead4 http://t.co/jbfEMRMW59",429963396612497408,harga BBM lang:id
2014-02-02 13:03:43+00:00,realmadridindo1,"Ready Jaket Madrid  White &amp; Black Grade Ori (S,M,L,XL) dari @KingdomJersey Harga 175000 SMS 083849235241 BBM 27feead4 http://t.co/piPxl53NDr",429963342875086849,harga BBM lang:id
2014-02-02 13:03:13+00:00,realmadridindo1,"Ready GK Madrid Ungu dan Ijo Grade Ori (S,M,L,XL) dari @kingdomjersey Harga 95000 SMS 083849235241 BBM 27feead4 http://t.co/yyn9wu3Ntk",429963213178806273,harga BBM lang:id
2014-02-02 02:56:31+00:00,realmadridindo1,"Ready Madrid Home , Away dan 3rd Ladies (S,M,L) dari @kingdomjersey  Harga 90000 SMS 083849235241 BBM 27feead4 http://t.co/jbfEMRMW59",429810532317954048,harga BBM lang:id
2014-02-02 02:56:22+00:00,realmadridindo1,"Ready Jaket Madrid  White &amp; Black Grade Ori (S,M,L,XL) dari @KingdomJersey Harga 175000 SMS 083849235241 BBM 27feead4 http://t.co/piPxl53NDr",429810496486014977,harga BBM lang:id
2014-02-02 02:56:09+00:00,realmadridindo1,"Ready GK Madrid Ungu dan Ijo Grade Ori (S,M,L,XL) dari @kingdomjersey Harga 95000 SMS 083849235241 BBM 27feead4 http://t.co/yyn9wu3Ntk",429810442111045633,harga BBM lang:id
2014-02-01 09:36:53+00:00,realmadridindo1,"Ready Madrid Home , Away dan 3rd Ladies (S,M,L) dari @kingdomjersey Harga 90000 SMS 083849235241 BBM 27feead4 http://t.co/jbfEMRMW59",429548900249133056,harga BBM lang:id
2014-02-01 09:36:13+00:00,realmadridindo1,"Ready Jaket Madrid White &amp; Black Grade Ori (S,M,L,XL) dari @KingdomJersey Harga 175000 SMS 083849235241 BBM 27feead4 http://t.co/piPxl53NDr",429548734653804544,harga BBM lang:id
2014-02-01 09:35:32+00:00,realmadridindo1,"Ready GK Madrid Ungu dan Ijo Grade Ori (S,M,L,XL) dari @kingdomjersey Harga 95000 SMS 083849235241 BBM 27feead4 http://t.co/yyn9wu3Ntk",429548560346918912,harga BBM lang:id
2014-01-31 14:11:00+00:00,realmadridindo1,"Ready Madrid Home , Away dan 3rd Ladies (S,M,L) dari @kingdomjersey  Harga 90000 SMS 083849235241 BBM 27feead4 http://t.co/jbfEMRMW59",429255496109785090,harga BBM lang:id
2014-01-31 14:10:52+00:00,realmadridindo1,"Ready Jaket Madrid  White &amp; Black Grade Ori (S,M,L,XL) dari @KingdomJersey Harga 175000 SMS 083849235241 BBM 27feead4 http://t.co/piPxl53NDr",429255462882521089,harga BBM lang:id
2014-01-31 14:10:44+00:00,realmadridindo1,"Ready GK Madrid Ungu dan Ijo Grade Ori (S,M,L,XL) dari @kingdomjersey Harga 95000 SMS 083849235241 BBM 27feead4 http://t.co/yyn9wu3Ntk",429255432062763009,harga BBM lang:id
2014-01-31 05:30:47+00:00,MotivatorBijak,Disaat Harga BBM &amp; Bahan Pangan Meningkat &amp; kita membutuhkan Barang2 serta Pelayanan yg Murah saya sarankan u follow.,429124581589151744,harga BBM lang:id
2014-01-31 02:41:36+00:00,realmadridindo1,"Ready Madrid Home , Away dan 3rd Ladies (S,M,L) dari @kingdomjersey  Harga 90000 SMS 083849235241 BBM 27feead4 http://t.co/jbfEMRMW59",429082005859356673,harga BBM lang:id
2014-01-31 02:41:28+00:00,realmadridindo1,"Ready Jaket Madrid  White &amp; Black Grade Ori (S,M,L,XL) dari @KingdomJersey Harga 175000 SMS 083849235241 BBM 27feead4 http://t.co/piPxl53NDr",429081970019020801,harga BBM lang:id
2014-01-31 02:41:19+00:00,realmadridindo1,"Ready GK Madrid Ungu dan Ijo Grade Ori (S,M,L,XL) dari @kingdomjersey Harga 95000 SMS 083849235241 BBM 27feead4 http://t.co/yyn9wu3Ntk",429081934522642432,harga BBM lang:id
2014-01-29 14:21:42+00:00,realmadridindo1,"Ready Madrid Home , Away dan 3rd Ladies (S,M,L) dari @kingdomjersey  Harga 90000 SMS 083849235241 BBM 27feead4 http://t.co/jbfEMRMW59",428533414107430912,harga BBM lang:id
2014-01-29 14:21:12+00:00,realmadridindo1,"Ready Jaket Madrid  White &amp; Black Grade Ori (S,M,L,XL) dari @KingdomJersey Harga 175000 SMS 083849235241 BBM 27feead4 http://t.co/piPxl53NDr",428533290555822080,harga BBM lang:id
2014-01-29 14:20:53+00:00,realmadridindo1,"Ready GK Madrid Ungu dan Ijo Grade Ori (S,M,L,XL) dari @kingdomjersey Harga 95000 SMS 083849235241 BBM 27feead4 http://t.co/yyn9wu3Ntk",428533208372625409,harga BBM lang:id
2014-01-29 01:55:20+00:00,DJRachbini,KADIN Sebut Harga BBM RI Sudah Tidak Rasional - Mobile http://t.co/tuMJBW0GEE via @liputan6dotcom,428345586232741889,harga BBM lang:id
2014-01-28 11:43:42+00:00,realmadridindo1,"Ready Madrid Home , Away dan 3rd Ladies (S,M,L) dari @kingdomjersey  Harga 90000 SMS 083849235241 BBM 27feead4 http://t.co/jbfEMRMW59",428131265124909056,harga BBM lang:id
2014-01-28 11:43:37+00:00,realmadridindo1,"Ready Jaket Madrid  White &amp; Black Grade Ori (S,M,L,XL) dari @KingdomJersey Harga 175000 SMS 083849235241 BBM 27feead4 http://t.co/piPxl53NDr",428131244933521408,harga BBM lang:id
2014-01-28 11:43:24+00:00,realmadridindo1,"Ready GK Madrid Ungu dan Ijo Grade Ori (S,M,L,XL) dari @kingdomjersey Harga 95000 SMS 083849235241 BBM 27feead4 http://t.co/yyn9wu3Ntk",428131190264963072,harga BBM lang:id
2014-01-28 09:16:35+00:00,Bisniscom,Penaikan Harga Bukan Satu-satunya Jalan Kurangi Subsidi BBM http://t.co/undFJg1UyZ,428094241944788992,harga BBM lang:id
2014-01-27 15:50:08+00:00,KontanNews,Kadin minta harga BBM dinaikkan demi bangun rel KA http://t.co/5GQVCzI0Vc,427830893164519424,harga BBM lang:id
2014-01-27 15:23:45+00:00,realmadridindo1,"Ready Madrid Home , Away dan 3rd Ladies (S,M,L) dari @kingdomjersey  Harga 90000 SMS 083849235241 BBM 27feead4 http://t.co/jbfEMRMW59",427824253128294400,harga BBM lang:id
2014-01-27 15:23:39+00:00,realmadridindo1,"Ready Jaket Madrid  White &amp; Black Grade Ori (S,M,L,XL) dari @KingdomJersey Harga 175000 SMS 083849235241 BBM 27feead4 http://t.co/piPxl53NDr",427824227681439744,harga BBM lang:id
2014-01-27 15:23:32+00:00,realmadridindo1,"Ready GK Madrid Ungu dan Ijo Grade Ori (S,M,L,XL) dari @kingdomjersey Harga 95000 SMS 083849235241 BBM 27feead4 http://t.co/yyn9wu3Ntk",427824201332834305,harga BBM lang:id
2014-01-27 13:10:08+00:00,ivanacunk,Cari info yang jual motor murah gak !! Yang harga nya 5jta atau 6jtan .. Kalo ada kasih tau ya lewat BBM ini pin nya 224CA93B,427790630652088320,harga BBM lang:id
2014-01-27 10:08:15+00:00,temponewsroom,Bisnis - JK: Capres Belum Berani Tawarkan Harga BBM Naik http://t.co/8e3QBmkXuy,427744855536574464,harga BBM lang:id
2014-01-27 09:42:03+00:00,liputan6dotcom,KADIN Sebut Harga BBM RI Sudah Tidak Rasional http://t.co/mWU5j43R12,427738261952286720,harga BBM lang:id
2014-01-26 13:23:09+00:00,realmadridindo1,"Ready Madrid Home , Away dan 3rd Ladies (S,M,L) dari @kingdomjersey  Harga 90000 SMS 083849235241 BBM 27feead4 http://t.co/jbfEMRMW59",427431518558900224,harga BBM lang:id
2014-01-26 13:22:47+00:00,realmadridindo1,"Ready Jaket Madrid  White &amp; Black Grade Ori (S,M,L,XL) dari @KingdomJersey Harga 175000 SMS 083849235241 BBM 27feead4 http://t.co/piPxl53NDr",427431425856389120,harga BBM lang:id
2014-01-26 13:22:09+00:00,realmadridindo1,"Ready GK Madrid Ungu dan Ijo Grade Ori (S,M,L,XL) dari @kingdomjersey Harga 95000 SMS 083849235241 BBM 27feead4 http://t.co/yyn9wu3Ntk",427431263905923072,harga BBM lang:id
2014-01-26 01:15:23+00:00,RadioElshinta,"08.15: Pembelian BBM di Jepara Jateng dibatasi, dieceran harga Rp 8.000/liter. | (P. Aris)",427248368478212096,harga BBM lang:id
2014-01-24 15:09:59+00:00,realmadridindo1,"Ready Madrid Home , Away dan 3rd Ladies (S,M,L) dari @kingdomjersey  Harga 90000 SMS 083849235241 BBM 27feead4 http://t.co/jbfEMRMW59",426733625489387521,harga BBM lang:id
2014-01-24 15:09:53+00:00,realmadridindo1,"Ready Jaket Madrid  White &amp; Black Grade Ori (S,M,L,XL) dari @KingdomJersey Harga 175000 SMS 083849235241 BBM 27feead4 http://t.co/piPxl53NDr",426733601300824064,harga BBM lang:id
2014-01-24 15:09:43+00:00,realmadridindo1,"Ready GK Madrid Ungu dan Ijo Grade Ori (S,M,L,XL) dari @kingdomjersey Harga 95000 SMS 083849235241 BBM 27feead4 http://t.co/yyn9wu3Ntk",426733559240347648,harga BBM lang:id
2014-01-24 00:07:57+00:00,CareIM3,@otisraw_ Iya. Kuota berlaku 90 hari dengan harga Rp49.000. Gratis kuota 3 GB dan BBM selama 90 hari 24 jam. Terima kasih ^MU,426506620248395776,harga BBM lang:id
2014-01-23 23:57:01+00:00,CareIM3,"@otisraw_ Bisa info maksudnya perdana Mentari Super Data? Jika ya, harga Rp49.000, gratis kuota 3 GB dan BBM selama 90 hari 24 jam. Tq ^FD",426503871175729152,harga BBM lang:id
2014-01-23 12:28:51+00:00,realmadridindo1,"Ready Madrid Home , Away dan 3rd Ladies (S,M,L) dari @kingdomjersey  Harga 90000 SMS 083849235241 BBM 27feead4 http://t.co/jbfEMRMW59",426330688246149120,harga BBM lang:id
2014-01-23 12:28:42+00:00,realmadridindo1,"Ready Jaket Madrid  White &amp; Black Grade Ori (S,M,L,XL) dari @KingdomJersey Harga 175000 SMS 083849235241 BBM 27feead4 http://t.co/piPxl53NDr",426330651315273728,harga BBM lang:id
2014-01-23 12:28:31+00:00,realmadridindo1,"Ready GK Madrid Ungu dan Ijo Grade Ori (S,M,L,XL) dari @kingdomjersey Harga 95000 SMS 083849235241 BBM 27feead4 http://t.co/yyn9wu3Ntk",426330604955652096,harga BBM lang:id
2014-01-22 13:21:34+00:00,realmadridindo1,"Ready Madrid Home , Away dan 3rd Ladies (S,M,L) dari @kingdomjersey  Harga 90000 SMS 083849235241 BBM 27feead4 http://t.co/jbfEMRMW59",425981565735153664,harga BBM lang:id
2014-01-22 13:21:20+00:00,realmadridindo1,"Ready Jaket Madrid  White &amp; Black Grade Ori (S,M,L,XL) dari @KingdomJersey Harga 175000 SMS 083849235241 BBM 27feead4 http://t.co/piPxl53NDr",425981507056828417,harga BBM lang:id
2014-01-22 13:21:09+00:00,realmadridindo1,"Ready GK Madrid Ungu dan Ijo Grade Ori (S,M,L,XL) dari @kingdomjersey Harga 95000 SMS 083849235241 BBM 27feead4 http://t.co/yyn9wu3Ntk",425981459816382465,harga BBM lang:id
2014-01-22 08:28:10+00:00,liputan6dotcom,"Rupiah Sentuh 12 Ribu US$, Harga BBM Bersubsidi Harus Naik http://t.co/SuBgbSAtdG",425907730205794304,harga BBM lang:id
2014-01-21 14:10:45+00:00,realmadridindo1,"Ready Madrid Home , Away dan 3rd Ladies (S,M,L) dari @kingdomjersey  Harga 90000 SMS 083849235241 BBM 27feead4 http://t.co/jbfEMRMW59",425631556644790272,harga BBM lang:id
2014-01-21 14:10:38+00:00,realmadridindo1,"Ready Jaket Madrid  White &amp; Black Grade Ori (S,M,L,XL) dari @KingdomJersey Harga 175000 SMS 083849235241 BBM 27feead4 http://t.co/piPxl53NDr",425631524784836608,harga BBM lang:id
2014-01-21 14:10:30+00:00,realmadridindo1,"Ready GK Madrid Ungu dan Ijo Grade Ori (S,M,L,XL) dari @kingdomjersey Harga 95000 SMS 083849235241 BBM 27feead4 http://t.co/yyn9wu3Ntk",425631491373010944,harga BBM lang:id
2014-01-21 09:00:42+00:00,Tempo_Plus,Kadin Minta Presiden Terpilih Naikan Harga BBM http://t.co/7tKC8PISDv,425553529810350080,harga BBM lang:id
2014-01-21 08:10:22+00:00,temponewsroom,Bisnis - Kadin Minta Presiden Terpilih Naikan Harga BBM http://t.co/0JcTYqEd5O,425540863196807168,harga BBM lang:id
2014-01-21 05:30:24+00:00,detikcom,"Hatta: Kita Naikkan Harga BBM di 2013, Itu Langkah Berani http://t.co/vG54nhmlBq via @detikfinance",425500604559941632,harga BBM lang:id
2014-01-21 04:42:38+00:00,detikfinance,"Hatta: Kita Naikkan Harga BBM di 2013, Itu Langkah Berani http://t.co/uVXHBXYFcj",425488584179609600,harga BBM lang:id
2014-01-21 03:46:05+00:00,liputan6dotcom,Hatta: Cuma RI yang Paling Berani Naikkan Harga BBM http://t.co/1vKILNYETc,425474354676129794,harga BBM lang:id
2014-01-20 13:38:24+00:00,realmadridindo1,"Ready Madrid Home , Away dan 3rd Ladies (S,M,L) dari @kingdomjersey  Harga 90000 SMS 083849235241 BBM 27feead4 http://t.co/jbfEMRMW59",425261028750790656,harga BBM lang:id
2014-01-20 13:38:18+00:00,realmadridindo1,"Ready Jaket Madrid  White &amp; Black Grade Ori (S,M,L,XL) dari @KingdomJersey Harga 175000 SMS 083849235241 BBM 27feead4 http://t.co/piPxl53NDr",425261003744358401,harga BBM lang:id
2014-01-20 13:38:14+00:00,realmadridindo1,"Ready GK Madrid Ungu dan Ijo Grade Ori (S,M,L,XL) dari @kingdomjersey Harga 95000 SMS 083849235241 BBM 27feead4 http://t.co/yyn9wu3Ntk",425260984190504961,harga BBM lang:id
2014-01-20 13:30:28+00:00,VIVAcoid,"Ekonom: Pekerjaan Rumah Pemerintah Selanjutnya, Naikkan Harga BBM http://t.co/IsOMaW4zuQ",425259032199184384,harga BBM lang:id
2014-01-20 13:20:13+00:00,merdekadotcom,Pemerintah tak utak-atik harga BBM bersubsidi sampai pemilu http://t.co/at62YOJ8P0 #Energi,425256449368129536,harga BBM lang:id
2014-01-20 10:00:32+00:00,motivasitangguh,Disaat Harga BBM &amp; Bahan Pangan Meningkat &amp; kita membutuhkan Barang2 serta Pelayanan yg Murah saya sarankan u follow.,425206197613264896,harga BBM lang:id
2014-01-20 06:30:02+00:00,merdekadotcom,Pemerintah tak utak-atik harga BBM bersubsidi sampai pemilu http://t.co/cl1wzA1pcu #Energi,425153226996858880,harga BBM lang:id
2014-01-19 15:26:12+00:00,infomalang,"@infokostmalang RT @desyulvia: kost putri di JL. J. A. Suprapto gang 1f malang, harga per kamar mulai 250k. info: DM ato bbm 20f88d76",424925768339034112,harga BBM lang:id
2014-01-19 11:29:34+00:00,CareIM3,"Tweep, harga kartu perdana Mentari Super Data Rp49.000 pulsanya Rp3.000, gratis BBM dan SuperWifi unlimited ya.#icareinfo",424866218781073408,harga BBM lang:id
2014-01-18 15:49:10+00:00,realmadridindo1,"Ready Madrid Home , Away dan 3rd Ladies (S,M,L) dari @kingdomjersey  Harga 90000 SMS 083849235241 BBM 27feead4 http://t.co/jbfEMRMW59",424569158991228928,harga BBM lang:id
2014-01-18 15:49:01+00:00,realmadridindo1,"Ready Jaket Madrid  White &amp; Black Grade Ori (S,M,L,XL) dari @KingdomJersey Harga 175000 SMS 083849235241 BBM 27feead4 http://t.co/piPxl53NDr",424569122723074048,harga BBM lang:id
2014-01-18 15:48:52+00:00,realmadridindo1,"Ready GK Madrid Ungu dan Ijo Grade Ori (S,M,L,XL) dari @kingdomjersey Harga 95000 SMS 083849235241 BBM 27feead4 http://t.co/yyn9wu3Ntk",424569086085828609,harga BBM lang:id
2014-01-17 23:01:23+00:00,CNtrending,"Daripada meminta harga BBM turun, aku lebih suka meminta restu bapakmu agar bersedia menikahkan kamu sama aku #aihsedap",424315543768666112,harga BBM lang:id
2014-01-17 13:07:57+00:00,realmadridindo1,"Ready Madrid Home , Away dan 3rd Ladies (S,M,L) dari @kingdomjersey  Harga 90000 SMS 083849235241 BBM 27feead4 http://t.co/jbfEMRMW59",424166199853715456,harga BBM lang:id
2014-01-17 13:07:48+00:00,realmadridindo1,"Ready Jaket Madrid  White &amp; Black Grade Ori (S,M,L,XL) dari @KingdomJersey Harga 175000 SMS 083849235241 BBM 27feead4 http://t.co/piPxl53NDr",424166164655140864,harga BBM lang:id
2014-01-17 13:07:43+00:00,realmadridindo1,"Ready GK Madrid Ungu dan Ijo Grade Ori (S,M,L,XL) dari @kingdomjersey Harga 95000 SMS 083849235241 BBM 27feead4 http://t.co/yyn9wu3Ntk",424166140261044224,harga BBM lang:id
2014-01-17 07:59:56+00:00,jalanpulang_,"Harga CD album “Jalan Pulang” sebesar Rp 40.000,-. Info &amp; pemesanan Novi via telepon atau sms di 0857 4353 5528, atau via BBM di 2287BE59.",424088685823287296,harga BBM lang:id
2014-01-16 10:58:03+00:00,liputan6dotcom,"Harga BBM Naik, Konsumsi Turun ke Level Terendah dalam 8 Tahun http://t.co/Dz7mq9QIvK",423771122882977792,harga BBM lang:id
2014-01-15 14:17:58+00:00,realmadridindo1,"Ready Madrid Home , Away dan 3rd Ladies (S,M,L) dari @kingdomjersey  Harga 90000 SMS 083849235241 BBM 27feead4 http://t.co/jbfEMRMW59",423459046419472386,harga BBM lang:id
2014-01-15 14:17:48+00:00,realmadridindo1,"Ready Jaket Madrid  White &amp; Black Grade Ori (S,M,L,XL) dari @KingdomJersey Harga 175000 SMS 083849235241 BBM 27feead4 http://t.co/piPxl53NDr",423459002274430977,harga BBM lang:id
2014-01-15 14:17:34+00:00,realmadridindo1,"Ready GK Madrid Ungu dan Ijo Grade Ori (S,M,L,XL) dari @kingdomjersey Harga 95000 SMS 083849235241 BBM 27feead4 http://t.co/yyn9wu3Ntk",423458942899855361,harga BBM lang:id
2014-01-15 12:16:20+00:00,Metro_TV,[EKONOMI] Kemenkeu masih godok subsidi tetap untuk BBM. Sehingga BBM akan bergerak sesuai harga keekonomian http://t.co/x0jUAnvvpt,423428435684229120,harga BBM lang:id
2014-01-15 04:30:02+00:00,liputan6dotcom,"Pertamina, Shell dan Total, Harga BBM Mana Paling Mahal? http://t.co/g0h25uzOpJ",423311087841189888,harga BBM lang:id
2014-01-14 13:48:12+00:00,nu_online,ISNU: Harga BBM/BBG Harus Sesuai Daya Beli Masyarakat http://t.co/GxiXeLke49,423089166788751360,harga BBM lang:id
2014-01-14 03:01:52+00:00,realmadridindo1,"Ready GK Madrid Ungu dan Ijo Grade Ori (S,M,L,XL) dari @kingdomjersey Harga 95000 SMS 083849235241 BBM 27feead4 http://t.co/yyn9wu3Ntk",422926512627519488,harga BBM lang:id
2014-01-14 03:01:45+00:00,realmadridindo1,"Ready Jaket Madrid  White &amp; Black Grade Ori (S,M,L,XL) dari @KingdomJersey Harga 175000 SMS 083849235241 BBM 27feead4 http://t.co/piPxl53NDr",422926482231394304,harga BBM lang:id
2014-01-14 03:01:36+00:00,realmadridindo1,"Ready Madrid Home , Away dan 3rd Ladies (S,M,L) dari @kingdomjersey  Harga 90000 SMS 083849235241 BBM 27feead4 http://t.co/jbfEMRMW59",422926446034571264,harga BBM lang:id
2014-01-13 16:55:18+00:00,prabowo,"Benar, bung @bob_7uda. Itu jika kita paksa turunkan harga BBM dengan subsidi. Yang saya tawarkan bukan subsidi tetapi pemberdayaan biofuel.",422773864091762688,harga BBM lang:id
2014-01-13 16:06:54+00:00,prabowo,"Saya yakin jika kita manfaatkan potensi dan kembangkan biofuel, harga BBM (atau tepatnya BBN) akan terjangkau. @wasanaadi",422761681538658305,harga BBM lang:id
2014-01-13 13:45:15+00:00,realmadridindo1,"Ready Madrid Home , Away dan 3rd Ladies (S,M,L) dari @kingdomjersey  Harga 90000 SMS 083849235241 BBM 27feead4 http://t.co/jbfEMRMW59",422726034622914560,harga BBM lang:id
2014-01-13 13:45:05+00:00,realmadridindo1,"Ready Jaket Madrid  White &amp; Black Grade Ori (S,M,L,XL) dari @KingdomJersey Harga 175000 SMS 083849235241 BBM 27feead4 http://t.co/piPxl53NDr",422725995993374720,harga BBM lang:id
2014-01-13 13:45:00+00:00,realmadridindo1,"Ready GK Madrid Ungu dan Ijo Grade Ori (S,M,L,XL) dari @kingdomjersey Harga 95000 SMS 083849235241 BBM 27feead4 http://t.co/yyn9wu3Ntk",422725973553856514,harga BBM lang:id
2014-01-12 13:57:36+00:00,smartfrencare,@Tyara_Tyass mimin infokan utk harga andromax G Rp 949.000 (Termasuk PPN) info http://t.co/TESw76dqNU  sdngkan Aplikasi BBM (1),422366754824650752,harga BBM lang:id
2014-01-11 20:38:26+00:00,sipiqi,Aku setuju-setuju aja kok kalo harga BBM makin mahal asalkan senyum kamu tetep murah sama aku. #gubrak,422105242659225600,harga BBM lang:id
2014-01-11 13:11:52+00:00,prabowo,"Jika kebijakan energi kita tepat, jika produksi bahan bakar nabati kita tingkatkan, pada akhirnya harga BBM bisa turun bung @bonjolost.",421992859995078656,harga BBM lang:id
2014-01-11 09:25:16+00:00,sipiqi,Aku setuju-setuju aja kok kalo harga BBM makin mahal asalkan senyum kamu tetep murah sama aku. #gubrak,421935833323954176,harga BBM lang:id
2014-01-11 02:02:02+00:00,liputan6dotcom,China Turunkan Harga BBM http://t.co/aZNNvyhLZi,421824291017994240,harga BBM lang:id
2014-01-09 17:05:21+00:00,sipiqi,Aku setuju-setuju aja kok kalo harga BBM makin mahal asalkan senyum kamu tetep murah sama aku. #gubrak,421326839463038976,harga BBM lang:id
2014-01-09 06:57:16+00:00,sipiqi,Aku setuju-setuju aja kok kalo harga BBM makin mahal asalkan senyum kamu tetep murah sama aku. #gubrak,421173810797486080,harga BBM lang:id
2014-01-08 20:33:23+00:00,sipiqi,Aku setuju-setuju aja kok kalo harga BBM makin mahal asalkan senyum kamu tetep murah sama aku. #gubrak,421016805973692416,harga BBM lang:id
2014-01-08 14:41:15+00:00,realmadridindo1,"Ready Madrid Home , Away dan 3rd Ladies (S,M,L) dari @kingdomjersey  Harga 90000 SMS 083849235241 BBM 27feead4 http://t.co/jbfEMRMW59",420928190081552384,harga BBM lang:id
2014-01-08 14:41:06+00:00,realmadridindo1,"Ready Jaket Madrid  White &amp; Black Grade Ori (S,M,L,XL) dari @KingdomJersey Harga 175000 SMS 083849235241 BBM 27feead4 http://t.co/piPxl53NDr",420928151791734784,harga BBM lang:id
2014-01-08 14:40:57+00:00,realmadridindo1,"Ready GK Madrid Ungu dan Ijo Grade Ori (S,M,L,XL) dari @kingdomjersey Harga 95000 SMS 083849235241 BBM 27feead4 http://t.co/yyn9wu3Ntk",420928115963994112,harga BBM lang:id
2014-01-08 10:42:15+00:00,sipiqi,Aku setuju-setuju aja kok kalo harga BBM makin mahal asalkan senyum kamu tetep murah sama aku. #gubrak,420868044500766720,harga BBM lang:id
2014-01-07 22:53:16+00:00,sipiqi,Aku setuju-setuju aja kok kalo harga BBM makin mahal asalkan senyum kamu tetep murah sama aku. #gubrak,420689621652361216,harga BBM lang:id
2014-01-07 13:35:39+00:00,sipiqi,Aku setuju-setuju aja kok kalo harga BBM makin mahal asalkan senyum kamu tetep murah sama aku. #gubrak,420549293993644032,harga BBM lang:id
2014-01-07 07:39:15+00:00,fadjroeL,"bisa BBM-an, SMS-an, Twitter-an, Facebook-an sama om @iskan_dahlan &gt; Saya Saksi Hidup, Presiden Baru Tahu Harga Elpiji Naik Cc @SBYudhoyono",420459600626733056,harga BBM lang:id
2014-01-07 01:19:16+00:00,sipiqi,Aku setuju-setuju aja kok kalo harga BBM makin mahal asalkan senyum kamu tetep murah sama aku. #gubrak,420363974283386880,harga BBM lang:id
2014-01-06 15:26:12+00:00,rmol_id,Ahok Pilih Cabut Subsidi BBM Daripada Naikkan Harga Elpiji http://t.co/xTqHARMAtE,420214726597939200,harga BBM lang:id
2014-01-06 13:13:15+00:00,sipiqi,Aku setuju-setuju aja kok kalo harga BBM makin mahal asalkan senyum kamu tetep murah sama aku. #gubrak,420181269335769088,harga BBM lang:id
2014-01-06 12:56:54+00:00,fadjroeL,mabok mas?  RT @arfibambani: SBY adalah Presiden satu-satunya yang turunkan harga BBM dan LPG. Camkan itu!,420177152290455553,harga BBM lang:id
2014-01-06 12:29:19+00:00,tribunmedan,"HATI-HATI NAIK LAGI

LPG kembali turun, walau bukan ke harga sebelumnya. Hal serupa juga pernah terjadi pada BBM.... http://t.co/zWbShX4SR0",420170211858587648,harga BBM lang:id
2014-01-06 09:30:42+00:00,realmadridindo1,"Ready Jaket Madrid  White &amp; Black Grade Ori (S,M,L,XL) dari @KingdomJersey Harga 175000 SMS 083849235241 BBM 27feead4 http://t.co/piPxl53NDr",420125262932484099,harga BBM lang:id
2014-01-06 09:30:38+00:00,realmadridindo1,"Ready GK Madrid Ungu dan Ijo Grade Ori (S,M,L,XL) dari @kingdomjersey Harga 95000 SMS 083849235241 BBM 27feead4 http://t.co/yyn9wu3Ntk",420125242942423040,harga BBM lang:id
2014-01-06 09:30:29+00:00,realmadridindo1,"Ready Madrid Home , Away dan 3rd Ladies (S,M,L) dari @kingdomjersey  Harga 90000 SMS 083849235241 BBM 27feead4 http://t.co/jbfEMRMW59",420125207114690560,harga BBM lang:id
2014-01-06 07:00:02+00:00,merdekadotcom,"Harga bensin sudah naik, subsidi BBM tetap membengkak http://t.co/W8wBHakfFc #Energi",420087343941304320,harga BBM lang:id
2014-01-06 06:54:13+00:00,Dandhy_Laksono,":D ""@IndraYunaidi: Kode bakal turun RT @Dandhy_Laksono: ""@merdekadotcom: Pemerintah akui kenaikan harga BBM bikin inflasi tak terkendali""",420085881005809665,harga BBM lang:id
2014-01-06 06:48:09+00:00,Dandhy_Laksono,"""@merdekadotcom: Pemerintah akui kenaikan harga BBM bikin inflasi tak terkendali http://t.co/Tg44YwPWyv",420084354295922688,harga BBM lang:id
2014-01-06 06:45:02+00:00,merdekadotcom,Pemerintah akui kenaikan harga BBM bikin inflasi tak terkendali http://t.co/egG8Em5COv #Ekonomi,420083571999531008,harga BBM lang:id
2014-01-06 06:35:01+00:00,merdekadotcom,Ahok geram subsidi BBM tak dicabut malah naikkan harga gas http://t.co/W6zgGrIsbY #Publik,420081047930290176,harga BBM lang:id
2014-01-06 03:36:16+00:00,sipiqi,Aku setuju-setuju aja kok kalo harga BBM makin mahal asalkan senyum kamu tetep murah sama aku. #gubrak,420036063344988160,harga BBM lang:id
2014-01-05 15:25:36+00:00,PartaiSocmed,SIAPA BERTANGGUNG JAWAB ATAS KENAIKAN HARGA BBM...??,419852187574210560,harga BBM lang:id
2014-01-05 04:59:02+00:00,remotivi,"Analoginya dgn BBM: harga naik ""warga negara"" protes. Harga Samsung naik, ""konsumen"" gak ada hak protes. @prajnamu @deeramli @ndorokakung",419694504312967168,harga BBM lang:id
2014-01-05 02:56:21+00:00,detikcom,Politisi PDIP Minta Pertamina Batalkan Kenaikan Harga BBM http://t.co/urRRxvg5Ng,419663631156903936,harga BBM lang:id
2014-01-04 17:36:31+00:00,hotradero,@motulz Nanti Senin saya akan cek harga BBM oktan 92 di pasar dunia. Kalau ternyata Shell dan Total yang benar: maka Pertamina bisa celaka.,419522743877390336,harga BBM lang:id
2014-01-04 10:43:16+00:00,Soerianto,"Tahan Harga? SPBU 3412305 Rempoa Pertamax Rp 11,950!!! @detikcom: BBM Shell Naik Rp 850, Pertamax &amp; Total Tahan Harga http://t.co/EzjYCWYKoF",419418748919873536,harga BBM lang:id
2014-01-04 08:00:51+00:00,detikcom,"BBM Shell Naik Rp 850, Pertamax dan Total Tahan Harga http://t.co/SOg2zSnB9k",419377876106874880,harga BBM lang:id
2014-01-04 07:57:59+00:00,detikfinance,"BBM Shell Naik Rp 850, Pertamax dan Total Tahan Harga http://t.co/elVvuB6VVt",419377152736231424,harga BBM lang:id
2014-01-04 05:32:05+00:00,liputan6dotcom,"Liputan6 Siang 04-01-2014 1 Aniaya Anak, Harga Elpiji, Harga BBM Naik, Pencarian Korban Kapal Tenggelam http://t.co/vqvo14XFV9",419340434079367168,harga BBM lang:id
2014-01-03 02:55:33+00:00,fadjroeL,"BACA lagi tweeps &gt; @JimlyAs: Mnrt UUD &amp; UU, Negara yg msti tntukan harga BBM &amp; Gas, bukan korporasi brdsar mekanisme pasar. #Elpiji",418938656129163264,harga BBM lang:id
2014-01-03 01:33:18+00:00,tribuntimur,TRIBUN TIMUR Jumlah Penduduk Miskin Naik Buntut Kenaikan Harga BBM: BPS melansir jumlah... http://t.co/NrwHdSaFS5 http://t.co/QBfZpcRths,418917955213078528,harga BBM lang:id
2014-01-03 01:33:10+00:00,tribuntimur,Jumlah Penduduk Miskin Naik Buntut Kenaikan Harga BBM: BPS melansir jumlah penduduk miskin yang tercatat hingg... http://t.co/lVTfgODlgZ,418917923009224704,harga BBM lang:id
2014-01-02 22:53:40+00:00,fadjroeL,"CATAT! RT @JimlyAs: Mnrt UUD &amp; UU, Negara yg msti tntukan harga BBM &amp; Gas, bukan korporasi brdsar mekanisme pasar. #Elpiji",418877784899874818,harga BBM lang:id
2014-01-02 20:00:38+00:00,sipiqi,Aku setuju-setuju aja kok kalo harga BBM makin mahal asalkan senyum kamu tetep murah sama aku. #gubrak,418834239640317952,harga BBM lang:id
2014-01-02 18:02:51+00:00,FaisalBasri,"Gara2 SBY turunkan harga BBM 3 kali jelang pemilu 2009. RT @saididu: Setuju, hrs bertahap - tapi faktanya ... http://t.co/cjbbMUG6TK",418804595523977216,harga BBM lang:id
2014-01-02 17:00:39+00:00,Dandhy_Laksono,"@saididu Kenaikan BBM 2013 berdampak nyata bagi orang miskin melalui harga sembako, karena menurut BPS, 70% pengeluaran mereka untuk makanan",418788941865578497,harga BBM lang:id
2014-01-02 16:40:14+00:00,infoPKU,#beritaPKU Harga BBM dan Tarif Listrik Pacu Inflasi Pekanbaru 2013 Lebihi Angka Nasional http://t.co/gkwdjvOakY,418783806837895168,harga BBM lang:id
2014-01-02 16:05:31+00:00,kurawa,"Gak heran PLN rugi 37 triliun krn keterbatasan Gas (diganti dgn BBM) krn harga Gas dunia emang mahal, sementara kita jual cuma $ 3,45/MMBTU",418775069687431168,harga BBM lang:id
2014-01-02 14:52:09+00:00,infoRIAU,Harga BBM dan Tarif Listrik Pacu Inflasi Pekanbaru 2013 Lebihi Angka Nasional http://t.co/oZt1v50Ry9 (GoRiau),418756604624781314,harga BBM lang:id
2014-01-02 13:51:32+00:00,tribunmedan,"Harga BBM Bersubsidi Naik, Jumlah Penduduk Miskin Naik - Tribun Medan http://t.co/Dd4MaUAiAt",418741351585710080,harga BBM lang:id
2014-01-02 13:49:59+00:00,tribunnews,Jumlah Penduduk Miskin Naik karena Kenaikan Harga BBM Bersubsidi http://t.co/s97T87U5v3,418740960730681345,harga BBM lang:id
2014-01-02 13:22:08+00:00,suaramerdeka,Harga BBM Penyebab Terbesar Inflasi Melonjak http://t.co/5W16S8RcsC,418733953617383424,harga BBM lang:id
2014-01-02 12:27:25+00:00,Metro_TV,Kenaikkan Harga BBM Sumbang 500 Ribu Penduduk Miskin http://t.co/GjV1QYMjvN,418720182949801985,harga BBM lang:id
2014-01-02 12:05:43+00:00,fadjroeL,"36. BACA ya @hattarajasa #Elpiji  &gt; @JimlyAs: Mnrt UUD &amp; UU, Negara yg msti tntukan harga BBM &amp; Gas, bukan korporasi brdsar mekanisme pasar",418714721714323456,harga BBM lang:id
2014-01-02 11:51:50+00:00,fadjroeL,"31. PAMUNGKAS #Elpiji dari Prof @JimlyAs: Mnrt UUD &amp; UU, Negara yg msti tntukan harga BBM &amp; Gas, bukan korporasi brdsar mekanisme pasar.",418711227611635712,harga BBM lang:id
2014-01-02 11:49:19+00:00,fadjroeL,"30. BACA om @SBYudhoyono &gt; @JimlyAs: Mnrt UUD &amp; UU, Negara yg msti tntukan harga BBM &amp; Gas, bukan korporasi brdsar mekanisme pasar.",418710594586296321,harga BBM lang:id
2014-01-02 11:47:32+00:00,JimlyAs,"Mnrt UUD &amp; UU, Negara yg msti tntukan harga BBM &amp; Gas, bukan korporasi brdsar mekanisme pasar. @RustamIbrahim @fadjroeL",418710143782502400,harga BBM lang:id
2014-01-02 11:41:33+00:00,tkurniawan_,"@Jal_Gooners pemerintah dan dpr tidak memiliki kewenangan thdp kenaikan lpg,karna itu bukan merupakan subsidi..jika harga bbm,itu lain..",418708639554101248,harga BBM lang:id
2014-01-02 08:56:56+00:00,FaisalBasri,Kebijakannya tdk menggigit.  RT @imamrasyidi: @FaisalBasri berarti kenaikan harga BBM gak banyak pengaruh ... http://t.co/hsn6pdNKnU,418667210882555904,harga BBM lang:id
2014-01-02 08:03:09+00:00,detikcom,"Harga BBM Naik, Jumlah Orang Miskin di Indonesia Makin Banyak http://t.co/Mc8KZYFP24 via @detikfinance",418653678484996096,harga BBM lang:id
2014-01-02 08:02:00+00:00,realmadridindo1,"Ready GK Madrid Ijo Grade Ori (S,M,L,XL) dari @kingdomjersey Harga 95000 SMS 083849235241 BBM 27feead4 http://t.co/NTA00mrZau",418653386842443776,harga BBM lang:id
2014-01-02 08:01:52+00:00,realmadridindo1,"Ready GK Madrid Ungu Grade Ori (S,M,L,XL) dari @kingdomjersey Harga 95000 SMS 083849235241 BBM 27feead4 http://t.co/M3hSGyf73l",418653354110103552,harga BBM lang:id
2014-01-02 08:01:44+00:00,realmadridindo1,"Ready Madrid Home Grade Ori (S,M,L,XL) dari @kingdomjersey Harga 95000 SMS 083849235241 BBM 27feead4 http://t.co/GxaN0CeygL",418653321574899712,harga BBM lang:id
2014-01-02 08:01:03+00:00,realmadridindo1,"Ready Madrid 3rd Ladies (S,M,L) dari @kingdomjersey  Harga 90000 SMS 083849235241 BBM 27feead4 http://t.co/5WaNGStIJM",418653149654568961,harga BBM lang:id
2014-01-02 08:00:54+00:00,realmadridindo1,"Ready Madrid Home Ladies (S,M,L) dari @KingdomJersey  Harga 90000 SMS 083849235241 BBM 27feead4 http://t.co/XIqeRyT9Pc",418653110580436992,harga BBM lang:id
2014-01-02 08:00:43+00:00,realmadridindo1,"Ready Jaket Madrid Black Grade Ori (S,M,L,XL) dari @KingdomJersey Harga 175000 SMS 083849235241 BBM 27feead4  http://t.co/xmapCFoqbi",418653062773755904,harga BBM lang:id
2014-01-02 08:00:34+00:00,realmadridindo1,"Ready Jaket Madrid  White Grade Ori (S,M,L,XL) dari @KingdomJersey Harga 175000 SMS 083849235241 BBM 27feead4 http://t.co/1VPoRmEE2W",418653026644008960,harga BBM lang:id
2014-01-02 06:28:30+00:00,sipiqi,Aku setuju-setuju aja kok kalo harga BBM makin mahal asalkan senyum kamu tetep murah sama aku. #gubrak,418629856415739904,harga BBM lang:id
2014-01-02 06:26:51+00:00,rieke_diah,"@andi_hpattera @soebyanto 2013 Harga BBM naik 44%, TDL naik 15%, awal 2014 harga LPG 12 kg naik 67%. Kenaikan upah 2014 rata2 10%. Ampuuuun",418629442970189825,harga BBM lang:id
2014-01-02 06:11:01+00:00,detikfinance,"Harga BBM Naik, Jumlah Orang Miskin di Indonesia Makin Banyak http://t.co/oebbJTz8kH",418625458725326848,harga BBM lang:id
2014-01-02 03:12:04+00:00,liputan6dotcom,Pemerintah Masih Berani Naikkan Harga BBM Subsidi di 2014 http://t.co/qOXX6sGuIx,418580421576626176,harga BBM lang:id
2014-01-02 02:20:05+00:00,liputan6dotcom,"Ingin Harga BBM Murah, AKR Bangun Terminal BBM di Kawasan Timur http://t.co/qKZSZEqI7L",418567341933211649,harga BBM lang:id
2014-01-01 15:28:07+00:00,sipiqi,Aku setuju-setuju aja kok kalo harga BBM makin mahal asalkan senyum kamu tetep murah sama aku. #gubrak,418403267987927040,harga BBM lang:id
2014-01-01 00:30:39+00:00,sipiqi,Aku setuju-setuju aja kok kalo harga BBM makin mahal asalkan senyum kamu tetep murah sama aku. #gubrak,418177413676531712,harga BBM lang:id
2013-12-31 08:28:04+00:00,liputan6dotcom,Harga BBM Subsidi di Papua Mahal karena Fasilitas Terbatas http://t.co/DN9lssQef5,417935173301190656,harga BBM lang:id
2013-12-31 05:30:43+00:00,MotivatorBijak,Disaat Harga BBM &amp; Bahan Pangan Meningkat &amp; kita membutuhkan Barang2 serta Pelayanan yg Murah saya sarankan u follow.,417890541310058496,harga BBM lang:id
2013-12-30 15:40:16+00:00,sipiqi,Aku setuju-setuju aja kok kalo harga BBM makin mahal asalkan senyum kamu tetep murah sama aku. #gubrak,417681549023518720,harga BBM lang:id
2013-12-30 05:54:16+00:00,sipiqi,Aku setuju-setuju aja kok kalo harga BBM makin mahal asalkan senyum kamu tetep murah sama aku. #gubrak,417534077903056896,harga BBM lang:id
2013-12-30 04:58:07+00:00,ardanradio,Pastinya sih di Juni ini kenaikan harga bbm resmi terjadi :') #BestMoment2013 #Ardanesia,417519946613010433,harga BBM lang:id
2013-12-29 11:55:32+00:00,enda,"Perbandingan Harga BBM 1993 vs 2013 yg Anda Jarang Lihat... http://t.co/uy91cUyS0p
 #oldposting",417262608484278272,harga BBM lang:id
2013-12-28 16:09:29+00:00,yasika_fm,#Np Harga diri @Zivilia di #BBM bareng @jhoniopopfm,416964127211278336,harga BBM lang:id
2013-12-28 15:55:03+00:00,catislife2021,"saran &gt; RT @endrasrgh @DroidIndonesia rekomendasi dong , andro ram gede osnya bisa ++ bisa make bbm harga 3 - 3.5 an",416960494335844352,harga BBM lang:id
2013-12-28 10:05:13+00:00,sipiqi,Aku setuju-setuju aja kok kalo harga BBM makin mahal asalkan senyum kamu tetep murah sama aku. #gubrak,416872456021098496,harga BBM lang:id
2013-12-28 07:59:15+00:00,Bridgways,Harga Promo! Jersey Chelsea home 2013/14 | IDR: 90rb/pcs | SMS: 0838-9371-1335 | BBM: 238E5AA6 | @ArosbayaJersey http://t.co/213rDhWmIW,416840757249470464,harga BBM lang:id
2013-12-27 21:59:01+00:00,sipiqi,Aku setuju-setuju aja kok kalo harga BBM makin mahal asalkan senyum kamu tetep murah sama aku. #gubrak,416689700699930624,harga BBM lang:id
2013-12-27 15:16:07+00:00,realmadridindo1,"Ready GK Madrid Ijo Grade Ori (S,M,L,XL) dari @kingdomjersey Harga 95000 SMS 083849235241 BBM 27feead4 http://t.co/NTA00mrZau",416588308328615936,harga BBM lang:id
2013-12-27 15:15:52+00:00,realmadridindo1,"Ready GK Madrid Ungu Grade Ori (S,M,L,XL) dari @kingdomjersey Harga 95000 SMS 083849235241 BBM 27feead4 http://t.co/M3hSGyf73l",416588244789100545,harga BBM lang:id
2013-12-27 15:15:40+00:00,realmadridindo1,"Ready Madrid Home Grade Ori (S,M,L,XL) dari @kingdomjersey Harga 95000 SMS 083849235241 BBM 27feead4 http://t.co/GxaN0CeygL",416588196818874368,harga BBM lang:id
2013-12-27 15:14:54+00:00,realmadridindo1,"Ready Madrid 3rd Ladies (S,M,L) dari @kingdomjersey  Harga 90000 SMS 083849235241 BBM 27feead4 http://t.co/5WaNGStIJM",416588005311119360,harga BBM lang:id
2013-12-27 15:14:46+00:00,realmadridindo1,"Ready Madrid Home Ladies (S,M,L) dari @KingdomJersey  Harga 90000 SMS 083849235241 BBM 27feead4 http://t.co/XIqeRyT9Pc",416587970557136897,harga BBM lang:id
2013-12-27 15:14:34+00:00,realmadridindo1,"Ready Jaket Madrid Black Grade Ori (S,M,L,XL) dari @KingdomJersey Harga 175000 SMS 083849235241 BBM 27feead4  http://t.co/xmapCFoqbi",416587920217100289,harga BBM lang:id
2013-12-27 15:14:25+00:00,realmadridindo1,"Ready Jaket Madrid  White Grade Ori (S,M,L,XL) dari @KingdomJersey Harga 175000 SMS 083849235241 BBM 27feead4 http://t.co/1VPoRmEE2W",416587880249556993,harga BBM lang:id
2013-12-26 04:46:23+00:00,motivasitangguh,Disaat Harga BBM &amp; Bahan Pangan Meningkat &amp; kita membutuhkan Barang2 serta Pelayanan yg Murah saya sarankan u follow.,416067442616836096,harga BBM lang:id
2014-01-31 05:00:11+00:00,Metro_TV,Harga Sembako Naik Akibat Banjir dan Jalan Rusak http://t.co/1bVXLTxHYb,429116880570159104,harga sembako lang:id
2014-01-28 15:45:43+00:00,GWirjawan,@Malantie salah satu penyebab krng stabilnya harga sembako saat ini krn bnyk nya distribusi terhambat akibat cuaca.,428192168516141056,harga sembako lang:id
2014-01-28 09:16:09+00:00,GWirjawan,Amat dimengerti bahwa rakyat menginginkan harga sembako yg terjangkau dan stabil. Karenanya perlu kalangan profesional mengelolanya. Setuju?,428094133425557504,harga sembako lang:id
2014-01-28 03:00:34+00:00,Metro_TV,Harga Sembako di Kupang Kembali Naik http://t.co/KcuTWUw3Ox,427999612574519296,harga sembako lang:id
2014-01-26 15:16:16+00:00,suaramerdeka,"Cuaca Buruk, Harga Sembako di Temanggung Meroket http://t.co/pOhMjnSrsl",427459981558824960,harga sembako lang:id
2014-01-23 18:38:41+00:00,detikcom,Harga Sembako Naik 20 Persen http://t.co/MV7KnYuOhP via @detik_tv,426423757872193536,harga sembako lang:id
2014-01-23 05:10:14+00:00,KompasTV,"Dampak banjir di sejumlah tempat di kawasan Pantura, harga sembako mulai merangkak naik! Ikuti beritanya di #KompasSiang saat ini",426220306572013568,harga sembako lang:id
2014-01-23 04:55:33+00:00,KompasTV,"Dampak banjir di sejumlah tempat di kawasan Pantura, harga sembako mulai merangkak naik! Ikuti beritanya di #KompasSiang pkl 12.00 WIB",426216609695670272,harga sembako lang:id
2014-01-22 07:20:08+00:00,liputan6dotcom,"Liputan6 Siang 22-01-2014 3 Harga Sembako, Jalan Rusak, Ayam Goreng http://t.co/VOFX7Bcb9z",425890608817766400,harga sembako lang:id
2014-01-22 04:27:08+00:00,Metro_TV,Harga Sembako di Batam kembali Naik http://t.co/OHuVSSH5WC,425847070717521920,harga sembako lang:id
2014-01-21 04:45:13+00:00,GWirjawan,"""Saya tahu, rakyat tidak tahu ttg IHSG, Perak, Migas dll. Yang rakyat mau tahu adalah harga sembako stabil dan murah."" -blb #MediaVisit",425489236989468672,harga sembako lang:id
2014-01-19 20:15:06+00:00,suaramerdeka,"Harga Sembako Naik, Pasokan Aman http://t.co/ADBwlkBtcO",424998471376973824,harga sembako lang:id
2014-01-16 04:40:42+00:00,temponewsroom,"Bisnis - Pantau Harga Sembako, Gita Wirjawan ke Ambon http://t.co/dSsvAi04h9",423676158165516288,harga sembako lang:id
2014-01-16 04:35:32+00:00,tempodotco,"Pantau Harga Sembako, Gita Wirjawan ke Ambon http://t.co/BDxmu43d18",423674857125978113,harga sembako lang:id
2014-01-14 10:28:00+00:00,Metro_TV,"[NASIONAL] Musim Hujan, Harga Sembako di Klaten, Jateng, Merambat Naik http://t.co/Tk9a9C9Gzo",423038785333391360,harga sembako lang:id
2014-01-14 06:21:10+00:00,Metro_TV,"Musim Hujan, Harga Sembako di Klaten Merambat Naik http://t.co/PuIXmmVSyw",422976666873241600,harga sembako lang:id
2014-01-09 01:31:47+00:00,tribunpontianak,"Kenaikan Harga Elpiji Belum Berimbas ke Sembako: Sejauh ini dampaknya belum ada, terutama ke sembako dan baran... http://t.co/qClddrLBUR",421091901563863040,harga sembako lang:id
2014-01-07 22:06:19+00:00,infoRIAU,Harga Sembako Melambung http://t.co/DvoQFC4NhJ (HalloRiau),420677807115493376,harga sembako lang:id
2014-01-06 00:39:39+00:00,fadjroeL,"gantengnya SBY ""@rofiqashari: Selamat pagiiii..Elpiji di pertamina mataram Rp 147.500, @SBYudhoyono harga sembako naik..rakyat menjerit!",419991617156550656,harga sembako lang:id
2014-01-05 10:08:12+00:00,rmol_id,Harga Sembako Melambung Paling Dirisaukan Masyarakat http://t.co/oQlv8cwxJR,419772309344251904,harga sembako lang:id
2014-01-05 10:01:01+00:00,rmol_id,Harga Sembako Melambung Paling Dirisaukan Masyarakat http://t.co/uy1cMsUH8v,419770503184654336,harga sembako lang:id
2014-01-05 08:26:29+00:00,Metro_TV,Harga Elpiji Lambungkan Harga Sembako di Kupang http://t.co/csIPwWYjym,419746714648461312,harga sembako lang:id
2014-01-03 08:56:51+00:00,rmol_id,Gubernur Jabar Berharap Kenaikan Harga Elpiji Tak Terlalu Berdampak pada Sembako http://t.co/wUuXDWeehl,419029577030041601,harga sembako lang:id
2014-01-03 00:03:48+00:00,tribunpontianak,"Harga Elpiji 12 Kg di Pontianak Rp 150 Ribu: Pemilik toko sembako di Serdam, Atong, mengatakan, harga elpiji 1... http://t.co/mggaVg5H4J",418895431267934209,harga sembako lang:id
2014-01-02 04:55:41+00:00,detikfinance,"Sambut Awal Tahun, Harga Sembako di Jakarta Melonjak http://t.co/Adom1NBGBD",418606500962000897,harga sembako lang:id
2013-12-30 08:32:48+00:00,IniSleman,"KR - Dekati Tahun Baru, Harga Sembako di Sleman Naik http://t.co/tWO7VRZ5GH",417573974420099072,harga sembako lang:id
2013-12-29 08:26:52+00:00,banjarmasinpost,"Cuaca Buruk, Harga Sembako Naik http://t.co/sG2ciM9BIh",417210093395259392,harga sembako lang:id
2013-12-28 11:56:08+00:00,RadioElshinta,"Perayaan Natal dan Tahun Baru, Harga Sembako Alami Kenaikan http://t.co/XcpU4AXxJT",416900368916692992,harga sembako lang:id
2013-12-27 14:03:15+00:00,bayu_joo,"Wah, harga sembako udah naik lagi aja nih, jadi kelas 5 SD.",416569971376799746,harga sembako lang:id
2013-12-26 07:27:51+00:00,Harian_Jogja,Harga Sembako di Pasar Wonogiri Melonjak http://t.co/LjGuEqUFyo,416108079952838656,harga sembako lang:id
2013-12-25 11:53:13+00:00,infoRIAU,Harga Sembako Dipastikan Aman dan Lancar http://t.co/2umO9ry9sb (HalloRiau),415812472847601664,harga sembako lang:id
2013-12-24 10:11:34+00:00,Metro_TV,Harga Sembako dan Daging Merangkak Naik http://t.co/whsp6epiAc,415424502248398848,harga sembako lang:id
2013-12-20 19:57:07+00:00,suaramerdeka,"Jelang Tutup Tahun, Harga Sembako Naik http://t.co/DosynpR6j4",414122311906627584,harga sembako lang:id
2013-12-20 05:51:45+00:00,News_jubi,KOMISI B DPRP MINTA PEMERINTAH AWASI HARGA SEMBAKO http://t.co/xTZ7W6VG7g,413909568943448064,harga sembako lang:id
2013-12-19 09:14:20+00:00,Metro_TV,VIDEO: Harga sembako di Pasar Tomang Barat relatif stabil jelang Natal dan Tahun Baru 2014 http://t.co/XsN1aqUnjD,413598160859037696,harga sembako lang:id
2013-12-19 09:13:50+00:00,Metro_TV,VIDEO: Harga sembako di Yogyakarta mulai naik jelang Natal dan Tahun Baru. Elpiji 3 Kg pun mulai terbatas http://t.co/KO61euQmHe,413598035554226176,harga sembako lang:id
2013-12-19 03:50:17+00:00,Metro_TV,Harga Sembako dan Bahan Lainnya di Pasar Tomang Barat Relatif Stabil http://t.co/zjNSomqhm5,413516611862011904,harga sembako lang:id
2013-12-19 03:50:17+00:00,Metro_TV,Jelang Natal Harga Sembako Mulai Naik http://t.co/nUb4u45GL1,413516610616307712,harga sembako lang:id
2013-12-18 16:32:28+00:00,Harian_Jogja,"HARGA SEMBAKO : Di Solo, Harga Sayuran Naik Rp500-Rp3.000 http://t.co/IF2ISAJRTh",413346034430267392,harga sembako lang:id
2013-12-18 03:34:03+00:00,liputan6dotcom,Mentan Jamin Harga Sembako Stabil Saat Libur Akhir Tahun http://t.co/4z47mk7AC9,413150136055779329,harga sembako lang:id
2013-12-18 02:56:10+00:00,infoRIAU,Disperindag Antisipasi Harga Sembako Jelang Natal dan Tahun Baru http://t.co/4SkLaPkoWk (HalloRiau),413140605628186625,harga sembako lang:id
2013-12-17 09:40:55+00:00,infotegal,Habib Ali Tinjau Harga Dan Ketersediaan Sembako Di Pasaran http://t.co/Q8x3QtXvW3 #beritaTGL,412880075692855297,harga sembako lang:id
2013-12-16 11:51:44+00:00,IniSleman,Harga Sembako di Sleman Stabil http://t.co/Cp6wGjeXRG,412550606876729344,harga sembako lang:id
2013-12-15 14:30:31+00:00,Metro_TV,"Jelang Natal, Harga Sembako Cenderung Stabil di Jakarta http://t.co/ibJSq2voIn",412228178426359809,harga sembako lang:id
2013-12-15 06:52:34+00:00,infoRIAU,"Jelang Natal, Harga Sembako di Rohul Masih Stabil http://t.co/7nbXN2rPXw (HalloRiau)",412112931393110016,harga sembako lang:id
2013-12-13 08:12:55+00:00,Metro_TV,"Jelang Natal dan Tahun Baru, Harga Sembako di Klaten Stabil http://t.co/K73GaohPWP",411408379592986624,harga sembako lang:id
2013-12-11 01:32:54+00:00,KotaBalikpapan,#NewsBPN Jelang Natal dan Tahun Baru Harga Sembako Masih Stabil http://t.co/NzGdUXXbKG,410582933531922433,harga sembako lang:id
2013-12-10 04:03:21+00:00,infoRIAU,"Harga Stabil, Stok Sembako Rohul Aman http://t.co/tSFJnYgxNH (HalloRiau)",410258407292035073,harga sembako lang:id
2013-12-09 00:32:13+00:00,Indonesia_Pedia,"Selamat pagi Senin! Jangan lupa simak #JoharUpDate dari @JoharSemarang, biar tahu update harga sembako dan kebutuhan lainnya! :)",409842888038551552,harga sembako lang:id
2013-12-08 05:08:29+00:00,beritaKBR,Asosiasi Pedangang: Harga Sembako di Pasar Masih Normal http://t.co/8ixSYaNGLj,409550024624713728,harga sembako lang:id
2013-12-05 17:18:29+00:00,tribuntimur,"TRIBUN TIMUR Jelang Natal dan Tahun Baru, Harga Sembako Merangkak Naik: Hal yang sama t... http://t.co/SAbazl857H http://t.co/QBfZpcRths",408646569273987072,harga sembako lang:id
2013-12-05 17:18:26+00:00,tribuntimur,"Jelang Natal dan Tahun Baru, Harga Sembako Merangkak Naik: Hal yang sama terjadi di pasar Tamamau Pettarani di... http://t.co/jCZ4D2sLgi",408646559622914048,harga sembako lang:id
2013-12-05 16:08:22+00:00,tribunjogja,Harga Sembako Naik Jelang Natal dan Tahun Baru http://t.co/sxhZqbDWRK,408628927297761280,harga sembako lang:id
2013-12-04 15:58:48+00:00,fadjroeL,"di jaman majapahit lebih murah lagi ""@MjIsnanto: @fadjroeL buktinya bini gw masih suka soeharto. Harga sembako murah /1point.",408264128319324160,harga sembako lang:id
2013-12-04 08:37:16+00:00,fadjroeL,"Jaman majapahit lbh murah lagi le, nduk RT @MuhamadFauzi_SH: Orde baru harga sembako murah bang, pasca reformasi indonesia makin hancur",408153012687740928,harga sembako lang:id
2013-12-03 04:58:30+00:00,Metro_TV,Harga Sembako di Klaten Stabil http://t.co/g3aw6ohspx,407735571927138304,harga sembako lang:id
2013-12-02 04:06:05+00:00,liputan6dotcom,"Daftar Harga Sembako per 2 Desember, Daging Sapi Rp 100 Ribu Kg http://t.co/hpThaD3Jk5",407359994300887040,harga sembako lang:id
2013-11-30 04:14:08+00:00,detikcom,Gita Wirjawan Pantau Harga Sembako di Bali http://t.co/lythioeUdF via @detikfinance,406637242875011074,harga sembako lang:id
2013-11-30 04:07:40+00:00,detikfinance,Gita Wirjawan Pantau Harga Sembako di Bali http://t.co/qkdLQsrPgO,406635615019491328,harga sembako lang:id
2013-11-28 12:20:55+00:00,kurawa,"Sdh tau nanya :D ""@Diilars: perkebunan aren skala gede bwt bikin gula aren gmn prospeknya? Gula trmasuk sembako; harga sembako slalu naik..""",406034969253793792,harga sembako lang:id
2013-11-25 04:28:34+00:00,liputan6dotcom,Harga Sembako Apa yang Turun &amp; Naik Awal Pekan Ini? Cek di Sini! http://t.co/9lC9Y2Lbqy,404828936883814401,harga sembako lang:id
2013-11-24 08:47:11+00:00,beritaKBR,Jelang Natal Harga Sembako di NTT Masih Stabil http://t.co/s3ZS6gi9Kf,404531630796058624,harga sembako lang:id
2013-11-19 06:37:46+00:00,ACTforHumanity,Krisis BBM di Gaza otomatis memicu kenaikan harga sembako dan bahan material lainnya secara drastis. #SOSPalestine,402687122663948288,harga sembako lang:id
2013-11-18 04:54:07+00:00,liputan6dotcom,"Daftar Harga Sembako per 18 November, Daging Mulai Turun http://t.co/z5V5zt4qh6",402298651038326785,harga sembako lang:id
2013-11-15 04:18:04+00:00,liputan6dotcom,"Daftar Harga Sembako per 15 November, Sayuran Masih Stabil http://t.co/h6Mwxwotb7",401202413429747712,harga sembako lang:id
2013-11-11 08:56:50+00:00,Indonesia_Pedia,Simak #JoharUpDate di lini masa @JoharSemarang. Update harga sembako dan barang kebutuhan sehari-hari :),399823017410170880,harga sembako lang:id
2013-11-01 05:38:04+00:00,liputan6dotcom,Daftar Lengkap Harga Sembako di Akhir Pekan http://t.co/7s8y8no14v,396149117254000640,harga sembako lang:id
2013-10-25 08:15:54+00:00,detikcom,"Harga Sembako Mahal, Mentan Salahkan Ongkos Kirim yang Tinggi http://t.co/WY78aRtfci via @detikfinance",393652124522790913,harga sembako lang:id
2013-10-25 07:45:25+00:00,detikfinance,"Harga Sembako Mahal, Mentan Salahkan Ongkos Kirim yang Tinggi http://t.co/LdMYUv008G",393644450993278976,harga sembako lang:id
2013-10-20 10:21:39+00:00,rmol_id,Harga Sembako Tak Terjangkau di Era SBY Jilid II! http://t.co/MwsERbohal,391871831189110784,harga sembako lang:id
2013-10-20 10:00:55+00:00,rmol_id,Harga Sembako Tak Terjangkau di Era SBY Jilid II! http://t.co/efExgoqP6C,391866613508497408,harga sembako lang:id
2013-10-20 03:33:37+00:00,infoRIAU,"Usai Idul Adha, Harga Sembako Inhil Alami Penurunan http://t.co/Uzi9mNERP1 (HalloRiau)",391769146184060928,harga sembako lang:id
2013-10-14 11:39:02+00:00,TraxJKT,"B XXXX XX. Bensin naik, sembako naik, harga-harga pada naik. Cuma status doang nih yang ga naik-naik. Temeeeeen mulu!

#JILAT",389716975095521282,harga sembako lang:id
2013-10-13 13:41:02+00:00,infoRIAU,Harga Sembako Rohil Naik Jelang Idul Adha http://t.co/uxFyitZNRw (HalloRiau),389385292357959680,harga sembako lang:id
2013-10-12 07:12:05+00:00,antaranews,Harga sembako stabil jelang Idul Adha http://t.co/Bh1uR1RJUq,388925021873127424,harga sembako lang:id
2013-10-08 10:17:53+00:00,tribuntimur,TRIBUN TIMUR Harga Cabai di Pasar Daya Rp 35 ribu Perkilo: Harga sembako di Pasar Daya ... http://t.co/PAjj4FjdM8 http://t.co/QBfZpcRths,387522227001753601,harga sembako lang:id
2013-10-08 10:17:51+00:00,tribuntimur,Harga Cabai di Pasar Daya Rp 35 ribu Perkilo: Harga sembako di Pasar Daya masih normal http://t.co/rSeyVn0QXl,387522217329692672,harga sembako lang:id
2013-10-06 16:48:20+00:00,Metro_TV,Harga Sembako di Lamongan Terpantau Stabil http://t.co/ocx8tvYDu0,386895711192637440,harga sembako lang:id
2013-10-06 16:22:16+00:00,mediaindonesia,Harga Sembako di Lamongan Terpantau Stabil http://t.co/vMsg88JnRo,386889152576225280,harga sembako lang:id
2013-10-06 16:18:20+00:00,Metro_TV,Harga Sembako di Lamongan Terpantau Stabil http://t.co/7XZcDFeHC7,386888160665272320,harga sembako lang:id
2013-09-30 14:10:20+00:00,twittuiw,"#JombloWish , harga sembako turun..",384681623251202048,harga sembako lang:id
2013-09-30 10:45:48+00:00,ACTforHumanity,"Harga Sembako di Mesir seperti minyak, telur, gula, daging, dan susu naik rata2 5%. Bahkan beras sempat naik 50% #SOSEgypt",384630148374335489,harga sembako lang:id
2013-09-29 11:11:14+00:00,infoRIAU,Harga Sembako di Rohil Alami Kenaikan http://t.co/V37HaiAmWL (HalloRiau),384274162425921536,harga sembako lang:id
2013-09-28 10:09:13+00:00,Bisniscom,"Harga Sembako Merangkak Naik, Masyarakat Rejanglebong Mengeluh http://t.co/aCxhoGCEkY",383896168452747264,harga sembako lang:id
2013-09-23 07:10:45+00:00,Metro_TV,Harga Sembako Cenderung Naik di Batam http://t.co/vwgwIln5kz,382039314265161728,harga sembako lang:id
2013-09-20 11:09:27+00:00,JukiHoki,"ini proyek mobil murah kapitalis banget,  mending pemerintah bikin harga sembako murah.",381012223335747584,harga sembako lang:id
2013-09-12 14:39:29+00:00,muannas_alaidid,"@VickyPrasetwit kirain kudeta cinta menimbulkan naiknya harga sembako, hehe",378165976258195456,harga sembako lang:id
2013-09-09 11:03:30+00:00,liputan6dotcom,Harga Sejumlah Sembako Melonjak Akibat Pelemahan Rupiah http://t.co/HXhHc56K2B,377024458168352768,harga sembako lang:id
2013-09-04 18:38:36+00:00,PartaiSocmed,"Nah! RT @Wdy45: Buruh ini ya..egois bener..Mbok ya drpd demo naikin gaji,demo turunkan harga sembako @PartaiSocmed",375327047498752001,harga sembako lang:id
2013-09-04 06:14:56+00:00,IklanBalikpapan,"#Balikpapan Harga Sembako Turun, Inflasi Balikpapan Surut - Kaltim Post http://t.co/uaAYrLSzuJ",375139900007251968,harga sembako lang:id
2013-09-04 04:28:35+00:00,IklanBalikpapan,"#Balikpapan Harga Sembako Turun, Inflasi Balikpapan Surut - Kaltim Post http://t.co/dV01CsW5Z0",375113136551915520,harga sembako lang:id
2013-09-04 04:23:06+00:00,IklanBalikpapan,"#Balikpapan Harga Sembako Turun, Inflasi Balikpapan Surut - Kaltim Post http://t.co/XQWhJ3YpSE",375111756130942976,harga sembako lang:id
2013-08-29 15:10:12+00:00,beritaKBR,Mendag Keluarkan Peraturan  Stabilitas Harga Sembako http://t.co/RvAyUA3iUd,373100277592645633,harga sembako lang:id
2013-08-28 03:06:49+00:00,anasurbaningrum,Smg hanya salah harga. RT @Anyarbro: @Anyarbro @anasurbaningrum @saididu stalh daging n sembako membumbung skrg kedele. #bukantoilet,372555844816076800,harga sembako lang:id
2013-08-27 05:24:08+00:00,Puspen_TNI,Turunkan Harga Sembako !! | WEBSITE TENTARA NASIONAL INDONESIA: http://t.co/h74TzFG3tM,372228012646731776,harga sembako lang:id
2013-08-26 11:18:06+00:00,tribuntimur,Satu - persatu Harga Sembako  di Makassar Merangkak Naik: Lagi-lagi harga sembako di sejumlah pasar tradisiona... http://t.co/cgxdTz7Caf,371954702050533376,harga sembako lang:id
2013-08-23 06:41:51+00:00,Gerindra,"20. Alhasil, setahun ini kita menyaksikan daya beli rakyat digerus oleh inflasi akibat kenaikan harga sembako dan produk pangan.",370798017399369728,harga sembako lang:id
2013-08-23 02:38:59+00:00,omdirects_,"Cewek banget emang gitu, moodnya naek turun mulu, kek harga sembako.",370736901684084736,harga sembako lang:id
2013-08-23 00:37:04+00:00,dakwatuna,Harga Sembako Melambung Sejak Diberlakukan Undang-Undang Darurat Mesir http://t.co/mh26aNJ7l3 #Afrika,370706217598849024,harga sembako lang:id
2013-08-22 22:54:56+00:00,dakwatuna,Harga Sembako Melambung Sejak Diberlakukan Undang-Undang Darurat Mesir http://t.co/uPtnyGcRAT,370680514078072832,harga sembako lang:id
2013-08-22 14:47:06+00:00,Stakof,"Ngiahahaha! RT @Aryadi_Robby: Wacik? RT""@Stakof: Jeroan aman? RT @PlasaMSN: Harga sembako di Mesir melambung http://t.co/PycvfUvC7O""",370557747445526528,harga sembako lang:id
2013-08-22 14:44:26+00:00,Stakof,Jeroan aman? RT @PlasaMSN: Harga sembako di Mesir melambung http://t.co/PycvfUvC7O,370557078483382272,harga sembako lang:id
2013-08-22 14:40:25+00:00,MSNindonesia,Harga sembako di Mesir melambung http://t.co/m4KEx6BycH,370556067966509056,harga sembako lang:id
2013-08-22 06:35:00+00:00,infoRIAU,Harga Sembako di Mesir Melambung http://t.co/7OM53676eI (HalloRiau),370433905607708672,harga sembako lang:id
2013-08-22 02:35:24+00:00,ACTforHumanity,Kenaikan harga sembako ini  dipicu oleh naiknya biaya transportasi #SOSEgypt,370373610440892416,harga sembako lang:id
2013-08-21 02:40:22+00:00,Jogja24Jam,"#InfoINa rupiah trus melemah jadi 1$=Rp11.000 harga sembako trus mlonjak diikuti properti juga brg2 lainnya -_-""",370012472914112512,harga sembako lang:id
2013-08-17 05:10:15+00:00,MakeIt_Media,"Lahhh kenapa minta ke mimin, emgnya mimin presiden RT @fia_hofia: @CoboyJR_ANTV min turunkan harga sembako ;D",368600641569976320,harga sembako lang:id
2013-08-16 04:26:09+00:00,Metro_TV,Harga Sembako di Temanggung Turun http://t.co/BiABtgyOZQ,368227152539312128,harga sembako lang:id
2013-08-15 13:03:52+00:00,AboutCirebonID,"Lebaran Berlalu, Harga Sembako Enggan Turun http://t.co/b7hdCWawl8 #beritacrb",367995053899546624,harga sembako lang:id
2013-08-14 02:31:04+00:00,Beritasatu,VIDEO: Harga Sembako Mulai Turun Kecuali Cabai Rawit http://t.co/IxVVn5gSLR via @beritasatutv,367473417949171712,harga sembako lang:id
2013-08-13 11:10:25+00:00,beritaKBR,"Gubernur Sidak Pasar, Harga Sembako Mulai Turun http://t.co/OIamqCLMty",367241726395559936,harga sembako lang:id
2013-08-13 10:15:20+00:00,beritaKBR,"Gubernur Sidak Pasar, Harga Sembako Mulai Turun - http://t.co/mitfXXRYnj @portalkbr",367227866225713153,harga sembako lang:id
2013-08-13 08:00:45+00:00,Beritasatu,Harga Sembako Mulai Turun Kecuali Cabai Rawit  http://t.co/IxVVn5gSLR,367193997380300800,harga sembako lang:id
2013-08-13 08:00:25+00:00,Beritasatu,Harga Sembako Mulai Turun Kecuali Cabai Rawit  http://t.co/jK2Yik89Wv,367193911170576384,harga sembako lang:id
2013-08-13 07:14:31+00:00,rmol_id,"Hati-hati, Importasi Jadi Jalan Keluar Singkat Tekan Harga Sembako http://t.co/QYATH0a3FL",367182360585830400,harga sembako lang:id
2013-08-13 07:08:03+00:00,rmol_id,"Hati-hati, Importasi Jadi Jalan Keluar Singkat Tekan Harga Sembako http://t.co/zXC96NBDSJ",367180732482863104,harga sembako lang:id
2013-08-11 06:00:01+00:00,merdekadotcom,"Lebaran telah usai, harga sejumlah barang sembako masih tinggi http://t.co/LCcVmXlhLY #Riil",366438838140276737,harga sembako lang:id
2013-08-10 11:38:03+00:00,tribuntimur,"Harga Sembako Masih Tinggi di Pasar Daya: Harga sembako di Pasar Tradisional Daya, Makassar belum turun dari h... http://t.co/uAglhLdIXq",366161516367577089,harga sembako lang:id
2013-08-07 08:16:04+00:00,KotaBalikpapan,#NewsBPN Harga Sembako Selangit..! - Post Metro Balikpapan - http://t.co/Hrce3Q4Hu8,365023521732173824,harga sembako lang:id
2013-08-07 06:29:50+00:00,halalcorner,Kaget dengan Harga Sembako... semoga para Ibu bersabar dan ditambahkan rizkinya - Aamiin,364996787142008834,harga sembako lang:id
2013-08-06 11:09:39+00:00,tribuntimur,TRIBUN TIMUR None Bahas Kenaikan Sembako di Radio dan Televisi: harusnya sebelum harga ... http://t.co/DJn4zO7XDB http://t.co/QBfZpcRths,364704820889784321,harga sembako lang:id
2013-08-06 11:09:37+00:00,tribuntimur,None Bahas Kenaikan Sembako di Radio dan Televisi: harusnya sebelum harga naik terlalu tinggi pemerintah sudah... http://t.co/APkq2WNRIV,364704809342865409,harga sembako lang:id
2013-08-06 08:37:12+00:00,rmol_id,Harga Sembako Terus Melambung Jelang Lebaran http://t.co/LKfQzLyA3j,364666455238770688,harga sembako lang:id
2013-08-06 08:03:41+00:00,hariankompas,"Baca artikel Arif Budimanta ""Mengendalikan Harga Sembako"" di halaman 5  #KompasSiang #6Agt  http://t.co/YS7S9M3A0k",364658018572435456,harga sembako lang:id
2013-08-05 18:43:56+00:00,infoRIAU,"H-3, Harga Sembako Terus Melonjak http://t.co/jPLcMSGcNI (RiauPos)",364456757591949312,harga sembako lang:id
2013-08-05 10:15:00+00:00,tribuntimur,None Diminta Intervensi Harga Sembako: Ternyata masih banyak warga Makassar tidak tahu jika Irman Yasin Limpo ... http://t.co/5tzLl8XA3i,364328678013931520,harga sembako lang:id
2013-08-05 09:00:42+00:00,pikiran_rakyat,[Ekonomi] Harga Sembako Mulai Naik http://t.co/RwYzOyxhSf,364309981316661248,harga sembako lang:id
2013-08-05 08:31:08+00:00,Beritasatu,Harga Sembako Naik Karena Suplai Telat  http://t.co/X4dbacck7M,364302541346963456,harga sembako lang:id
2013-08-05 07:46:41+00:00,Harian_Jogja,"PANTAUAN HARGA : Jelang Lebaran, Harga Sembako Meroket Lagi http://t.co/nQ4geM6HH6",364291353905082368,harga sembako lang:id
2013-08-05 03:17:12+00:00,detikcom,Harga Sembako Merangkak Naik http://t.co/PipcYpuOrA via @detikfinance,364223534379184128,harga sembako lang:id
2013-08-05 03:15:12+00:00,detikfinance,Harga Sembako Merangkak Naik http://t.co/oxH15WGOQS,364223031775739904,harga sembako lang:id
2013-08-05 00:26:03+00:00,PDI_Perjuangan,"@JandwikhaRahayu Pasar murah sembako, termasuk daging. Masyarakat bisa membeli dengan harga murah, namun harus mempunyai kupon dari panitia.",364180462538731520,harga sembako lang:id
2013-08-04 12:46:16+00:00,tribuntimur,TRIBUN TIMUR Sjamsu Alam : Alhamdulillah Harga Sembako di Parepare Normal: Wali Kota Pa... http://t.co/3ZjXAsQh0B http://t.co/QBfZpcRths,364004357697581057,harga sembako lang:id
2013-08-04 12:46:12+00:00,tribuntimur,"Sjamsu Alam : Alhamdulillah Harga Sembako di Parepare Normal: Wali Kota Parepare, Sjamsu Alam, menjamin harga ... http://t.co/sOQXFD4ei2",364004340165390336,harga sembako lang:id
2013-08-04 10:19:56+00:00,tribunnews,Wali Kota Parepare Pastikan Harga Sembako Jelang Lebaran Stabil - http://t.co/Hqhs3wtZDm http://t.co/IXVmMs1Ped via @tribunnews,363967530957676544,harga sembako lang:id
2013-08-02 14:39:32+00:00,tribuntimur,TRIBUN TIMUR Sjamsu Alam Pantau Harga Sembako dan Arus Mudik: Wali Kota Parepare melaku... http://t.co/ZVXnlB0ba8 http://t.co/QBfZpcRths,363308088004050944,harga sembako lang:id
2013-08-02 14:39:28+00:00,tribuntimur,Sjamsu Alam Pantau Harga Sembako dan Arus Mudik: Wali Kota Parepare melakukan inspeksi mendadak terhadap harga... http://t.co/Ua9GweZXgt,363308070702559233,harga sembako lang:id
2013-08-02 02:17:25+00:00,wrausahamandiri,"Pakef sembako yg disediakan oleh Bank Mandiri di Pasar Murah memiliki kualitas yg baik dan dijual setengah harga, sahabat :)",363121328917712896,harga sembako lang:id
2013-07-31 13:09:23+00:00,IniSleman,Harga Sembako di Sleman Stabil Tinggi http://t.co/98fEJFsJJc,362560624682745856,harga sembako lang:id
2013-07-30 10:30:13+00:00,rmol_id,Terlihat Bodoh Kalau Menteri Sibuk Bahas Pencapresan di Tengah Meroketnya Harga Sembako http://t.co/sUDhPurXPs,362158180911947777,harga sembako lang:id
2013-07-30 10:06:43+00:00,rmol_id,Terlihat Bodoh Kalau Menteri Sibuk Bahas Pencapresan di Tengah Meroketnya Harga Sembako http://t.co/85ZiCTQvXe,362152265949253633,harga sembako lang:id
2013-07-30 05:31:30+00:00,Indosiar,Operasi Pasar Murah - Warga Berebutan Membeli Sembako Murah: Tingginya harga kebutuhan pokok membuat pasar mur... http://t.co/ElrOL7kmFw,362083008196517888,harga sembako lang:id
2013-07-30 03:01:18+00:00,its_campus,"Harga Naik, RDK Bagikan Sembako Murah http://t.co/fOMC7qXOGA #itsnet",362045205999910912,harga sembako lang:id
2013-07-29 04:37:03+00:00,Beritasatu,"Harga Sembako Naik, Parcel Tetap Laris  http://t.co/xUlxr8BdOM",361706916654743552,harga sembako lang:id
2013-07-28 04:48:40+00:00,infoRIAU,Omelan SBY Tak Mempan Redam Meroketnya Harga Sembako http://t.co/sLVSolpGiS (TribunPekanbaru),361347450579070976,harga sembako lang:id
2013-07-28 02:53:05+00:00,tribunnews,"Tribun Jakarta Omelan SBY Tak Mempan Redam Meroketnya Harga Sembako, Pertanda Apa?: Per... http://t.co/10faafKo5W http://t.co/GxdpCGgad9",361318361835122689,harga sembako lang:id
2013-07-27 12:26:04+00:00,merdekadotcom,Hatta yakin kenaikan harga sembako hanya sampai Juli http://t.co/LVYhYpKleZ #MDK,361100170009645056,harga sembako lang:id
2013-07-27 07:21:48+00:00,merdekadotcom,"Usai Lebaran, harga sembako diprediksi masih tinggi http://t.co/ys0Kmp40kV #MDK",361023599039094785,harga sembako lang:id
2013-07-27 06:20:34+00:00,merdekadotcom,Kenaikan harga sembako semakin 'menggila' di H-5 Idul Fitri http://t.co/M0OmiCCVSi #MDK,361008189585629184,harga sembako lang:id
2013-07-27 00:42:31+00:00,hariankompas,Belakangan ini wabah SRS (sindrom rindu Soeharto) kambuh lagi setelah meroketnya harga sembako ak... http://t.co/Icr2hTrVUS”Anak-Harto”,360923118799290368,harga sembako lang:id
2013-07-26 08:57:42+00:00,kota_jogja,"Harga Sembako Yogyakarta Relatif Stabil.

Harga bahan kebutuhan pokok di pasar tradisional Kota Yogyakarta... http://t.co/igggGnzz1D",360685345710407680,harga sembako lang:id
2013-07-25 14:42:54+00:00,SBYudhoyono,"Menjelang lebaran kita terus stabilkan harga sembako, utamanya menurunkan harga daging sapi &amp; menjaga harga beras yg wajar. *SBY*",360409829765951488,harga sembako lang:id
2013-07-25 12:29:59+00:00,banjarmasinpost,Zainal Janji Pantau Harga Sembako http://t.co/1wmiWd5wcU,360376383219826688,harga sembako lang:id
2013-07-25 01:44:08+00:00,BPJSKesehatanRI,10.000 paket sembako murah se-Indonesia senilai masing2 paket Rp. 100.000 yang disubsidi harga 50% (atau dijual Rp 50.000) #AskesAgenda,360213849116381185,harga sembako lang:id
2013-07-24 05:15:31+00:00,KompasTV,"Harga sembako masih tinggi, sementara daging impor ditolak di sejumlah pasar! Ikuti selengkapnya di #KompasSiang sekarang",359904658480828420,harga sembako lang:id
2013-07-24 04:45:13+00:00,KompasTV,"Harga sembako masih tinggi, sementara daging impor ditolak di sejumlah pasar! Ikuti selengkapnya di #KompasSiang pkl 12.00 WIB",359897029910081537,harga sembako lang:id
2013-07-23 22:10:59+00:00,IniSleman,Harga Sembako di Sleman Perlahan Turun http://t.co/sIqdvcy9Nz via @KRjogjadotcom,359797817985859586,harga sembako lang:id
2013-07-23 18:52:12+00:00,suaramerdeka,Pasar Murah Dapat Tekan Kenaikan Harga Sembako http://t.co/SOE0Q22lnh,359747792324919297,harga sembako lang:id
2013-07-23 13:11:03+00:00,pontianakite,Pemkab Pontianak Subsidi 40 Persen Harga Sembako Murah http://t.co/a9CD2hh3v6,359661940781498369,harga sembako lang:id
2013-07-23 10:56:00+00:00,antaranews,Empat trik kendalikan harga sembako http://t.co/C05vFqNtkX,359627953673469952,harga sembako lang:id
2013-07-23 10:50:07+00:00,antaranews,Empat trik kendalikan harga sembako http://t.co/I6iSR4cTpw,359626474686398466,harga sembako lang:id
2013-07-23 09:40:55+00:00,tribunpontianak,Pemkab Pontianak Subsidi 40 Persen Harga Sembako Murah http://t.co/0r8HnPdAFB,359609057948082176,harga sembako lang:id
2013-07-23 06:20:33+00:00,urbancikarang,"13.20 Kegiatan ini akan berisi bazaar yang menjual kebutuhan lebaran seperti pakaian, sembako dan lainnya dengan harga murah meriah (3)",359558635564699649,harga sembako lang:id
2013-07-21 17:02:43+00:00,beritaKBR,KAP Desak Pemerintah Stabilkan Harga Sembako http://t.co/HpIbcLAwsm,358995467515871232,harga sembako lang:id
2013-07-21 14:25:24+00:00,Metro_TV,Pemerintah Dinilai Gagal Kawal Harga Sembako http://t.co/qFuwS8arwp,358955876255674369,harga sembako lang:id
2013-07-21 13:00:51+00:00,detikcom,FOTO-FOTO : Ibu-Ibu Demo Turunkan Harga Sembako http://t.co/KHcJnpUmdh via @detik_foto,358934599486816256,harga sembako lang:id
2013-07-21 12:42:27+00:00,detikcom,FOTO-FOTO : Ibu-Ibu Demo Turunkan Harga Sembako http://t.co/exzrjOBFZH,358929966223732737,harga sembako lang:id
2013-07-21 07:01:57+00:00,banjarmasinpost,Disperindag Pantau Harga Sembako http://t.co/ZNulEOGNLM,358844276525899777,harga sembako lang:id
2013-07-19 07:57:28+00:00,IniSleman,Harga Sembako di Sleman 'Tak Jelas' http://t.co/eCywWfoyFk via @KRjogjadotcom,358133471564144640,harga sembako lang:id
2013-07-19 04:50:07+00:00,KompasTV,Kami hadirkan perkembangan terkini kenaikan harga sembako di sejumlah daerah dalam #KompasSiang pkl 12.00 WIB bersama @livicherlisa,358086326844784640,harga sembako lang:id
2013-07-19 03:48:33+00:00,infoRIAU,"Harga Sembako Meroket, Daya Beli Warga Merosot http://t.co/iu6xDH1Y6a (HalloRiau)",358070831873667072,harga sembako lang:id
2013-07-19 03:22:46+00:00,VIVAcoid,Pemerintah Banting Harga Sembako di Pasar Murah http://t.co/kdN8k1MkME,358064344585609216,harga sembako lang:id
2013-07-19 02:51:54+00:00,tribuntimur,PB HMI Gelar Diskusi Kenaikan Sembako: KENAIKAN harga bahan pokok selain dipengaruhi kenaikan BBM juga karena ... http://t.co/wT2E1DYQV7,358056573106532353,harga sembako lang:id
2013-07-18 19:15:04+00:00,tribuntimur,http://t.co/Ph251w0E2u PB HMI Gelar Diskusi Kenaikan Harga Sembako: Kenaikan harga bahan po... http://t.co/PAXR8CTfuv Local Breaking News,357941609695940608,harga sembako lang:id
2013-07-18 08:13:44+00:00,beritaKBR,"Pemprov Papua: Stok Lama, Distributor Sembako Jangan Naikkan Harga http://t.co/qDFHjA91il",357775181009256449,harga sembako lang:id
2013-07-18 07:34:27+00:00,beritaKBR,"Pemprov Papua: Stok Lama, Distributor Sembako Jangan Naikkan Harga - http://t.co/zOgiYCAEkD @portalkbr",357765293113745408,harga sembako lang:id
2013-07-18 05:05:31+00:00,KompasTV,"Atasi kenaikan harga sembako, Pemerintah membuat pasar murah. Efektifkah? Saksikan di #KompasSiang saat ini.",357727810778968065,harga sembako lang:id
2013-07-18 04:35:19+00:00,KompasTV,Harga sembako terus meroket! Apa langkah pemerintah siasati hal ini? Ikuti di #KompasSiang pkl 12.00 WIB bersama @rikoanggara_,357720212231041024,harga sembako lang:id
2013-07-18 03:45:19+00:00,CityHype_SMG,"Harga Sembako Naik, Sutini Mengamuk di Jalan Pemuda http://t.co/vqLztVC5l4 #ISNews",357707631835619331,harga sembako lang:id
2013-07-18 01:25:04+00:00,suaramerdeka,Kenaikan Harga Sayuran dan Sembako di Purbalingga Masih Wajar http://t.co/toq6t1frTm,357672334460592128,harga sembako lang:id
2013-07-17 14:45:09+00:00,DPP_PKB,Fraksi PKB Usulkan 7 Poin ke Pemerintah Atasi Harga Sembako http://t.co/4JroxcaTPM #PKB #Sembako,357511292694704130,harga sembako lang:id
2013-07-17 14:34:59+00:00,DPP_PKB,"Harga Sembako Terus Melonjak, Ini Himbauan PKB http://t.co/0n7TixEGRJ #PKB #Sembako",357508737537277952,harga sembako lang:id
2013-07-17 11:23:53+00:00,tribunpontianak,Kenaikan Harga Sembako di Mempawah 15 Persen http://t.co/JZS1z3TCO8,357460644729061376,harga sembako lang:id
2013-07-17 10:19:47+00:00,tribunnews,Tribun Jakarta Pemerintah Harus Tindak Tegas Tengkulak yang Permainkan Harga Sembako: K... http://t.co/zDgmbW84GJ http://t.co/GxdpCGgad9,357444510940282880,harga sembako lang:id
2013-07-17 09:48:04+00:00,Indonesia_Pedia,"#beritaSMG Harga Sembako Naik, Sutini Mengamuk di Jalan Pemuda http://t.co/ZrtGGhQDV4 | suaramerdeka",357436529477562368,harga sembako lang:id
2013-07-17 09:30:48+00:00,suaramerdeka,"Harga Sembako Naik, Sutini Mengamuk di Jalan Pemuda http://t.co/sodHItkBID",357432185231376384,harga sembako lang:id
2013-07-17 09:27:04+00:00,TwitSURABAYA,"Harga Sembako Naik, Aksi Pembagian Ikat Pinggang Sindir Pemerintah http://t.co/xF1MnEODpl",357431244486754304,harga sembako lang:id
2013-07-17 09:22:06+00:00,suaramerdeka,"Harga Sembako Naik, Sutini Mengamuk di Jalan Pemuda http://t.co/m1RDg0SYLU",357429995070697472,harga sembako lang:id
2013-07-17 08:30:33+00:00,detikSBY,"Harga Sembako Naik, Aksi Pembagian Ikat Pinggang Sindir Pemerintah http://t.co/Q2zOpFSKsb",357417025095733248,harga sembako lang:id
2013-07-17 07:07:35+00:00,e100ss,"Aksi Bagi Ikat Pinggang, Bentuk Keprihatinan Naiknya Harga Sembako.(odp-ipg)... http://t.co/0h7PgKl1Gx",357396144483086336,harga sembako lang:id
2013-07-15 09:22:36+00:00,WahyuIrf_awe,"saya nonton di tv katanya puasa supaya kita di didik hemat,seperti orang miskin ,dll .tapi kenapa harga sembako mahal kalau bulan ramadan",356705345428664320,harga sembako lang:id
2013-07-15 08:14:38+00:00,infoRIAU,"Harga Sembako Fluktuatif, Daya Beli Masyarakat Rendah http://t.co/GsAh2uBqHg (HalloRiau)",356688240226467842,harga sembako lang:id
2013-07-15 08:07:17+00:00,suaramerdeka,"Harga Sembako Terus Naik, Warga Diminta Tidak Panik http://t.co/j3uWdSypNG",356686390408388608,harga sembako lang:id
2013-07-15 07:55:02+00:00,suaramerdeka,"Video: Harga Sembako Terus Naik, Warga Diminta Tidak Panik  http://t.co/Dqdv0FGSb3",356683308928745472,harga sembako lang:id
2013-07-15 04:44:20+00:00,infoRIAU,Harga Sembako di Pekanbaru Mulai Turun http://t.co/m9APWypxYy (TribunPekanbaru),356635316767031297,harga sembako lang:id
2013-07-15 01:58:30+00:00,infoRIAU,Disperindagpas Terus Pantau Harga Sembako di Pasar http://t.co/87kRtCKScE (HalloRiau),356593586046894080,harga sembako lang:id
2014-02-05 12:02:35+00:00,klinikhukum,Baca juga: Langkah Hukum Jika Upah di Bawah Standar Minimum - http://t.co/y7JDXV7lTc,431035118967197696,upah minimum lang:id
2014-02-04 10:04:17+00:00,klinikhukum,11. Apakah Besarnya Take Home Pay Setara Upah Minimum? - http://t.co/vNzPW4M7NT | #Top20Klinik,430642962385494017,upah minimum lang:id
2014-02-03 04:30:26+00:00,KemnakerRI,166 Perusahaan Tangguhkan Upah Minimum 2014 | Pikiran Rakyat Online http://t.co/1rbblkxuVr cc: @MuhaiminIskndr,430196556940079105,upah minimum lang:id
2014-02-02 07:46:10+00:00,pikiran_rakyat,[Ekonomi] 166 Perusahaan Tangguhkan Upah Minimum 2014 http://t.co/udv5lveS4V,429883425286139904,upah minimum lang:id
2014-01-30 09:26:37+00:00,KemnakerRI,20. Yang perlu diingat penetapan upah minimum merupakan social safety net bagi pekerja lajang di bawah satu tahun...,428821544022728705,upah minimum lang:id
2014-01-30 09:23:32+00:00,KemnakerRI,"18. Dalam Kepmen Nomor 231/Men/2003, disebutkan pengusaha yang tidak mampu membayar upah minimum, dapat mengajukan penangguhan...",428820766071586816,upah minimum lang:id
2014-01-30 09:21:18+00:00,KemnakerRI,15. ... pelaksanaan upah minimum sesuai ketentuan (Kepmen) Nomor 231 /Men/2003 tentang Tata Cara Penangguhan Pelaksanaan Upah Minimum.,428820204261359616,upah minimum lang:id
2014-01-30 09:13:26+00:00,KemnakerRI,7. agar pembayaran upah minimum dapat dibayarkan tepat waktu dengan besaran upah  yang sesuai.,428818223396438016,upah minimum lang:id
2014-01-30 09:13:08+00:00,KemnakerRI,6. Para gubernur dan disnaker harus memberikan perhatian khusus terhadap pengajuan penetapan pelaksanaan penangguhan upah minimum 2014.,428818147949293568,upah minimum lang:id
2014-01-30 09:10:22+00:00,KemnakerRI,3. Menakertrans : Kami minta agar proses penangguhan upah minimum 2014 dapat dipercepat.,428817452500135936,upah minimum lang:id
2014-01-30 09:09:22+00:00,KemnakerRI,2. Hal ini dibutuhkan untuk memberikan kepastian hukum bagi para pengusaha dan pekerja dalam membayarkan upah minimum yang berlaku.,428817203270389760,upah minimum lang:id
2014-01-30 09:09:05+00:00,KemnakerRI,1. Para gubernur dan dinas tenaga kerja setempat didesak agar mempercepat proses penetapan pelaksanaan penangguhan upah minimum 2014.,428817130176270336,upah minimum lang:id
2014-01-30 09:08:27+00:00,KemnakerRI,Muhaimin : Penangguhan Upah Minimum 69 Perusahaan Ditolak cc: @MuhaiminIskndr,428816970587181057,upah minimum lang:id
2014-01-30 09:07:59+00:00,KemnakerRI,Muhaimin : Penangguhan Upah Minimum 177 Perusahaan Disetujui cc: @MuhaiminIskndr,428816854493044736,upah minimum lang:id
2014-01-30 04:57:20+00:00,VIVAcoid,"Perjuangkan Kenaikan Upah Minimum, Obama ""Blusukan"" ke Daerah http://t.co/giUsEtdEas",428753775453425664,upah minimum lang:id
2014-01-29 12:48:21+00:00,antaranews,Obama desak Kongres naikkan upah minimum http://t.co/CezC5QWFV8,428509921445806080,upah minimum lang:id
2014-01-29 11:57:20+00:00,VIVAcoid,TERPOPULER DUNIA - Obama: Upah Minimum Akan Naik Jadi Rp122.000 per Jam http://t.co/ZWl3ai5Ntt,428497085021712385,upah minimum lang:id
2014-01-29 08:07:25+00:00,VIVAcoid,Obama: Upah Minimum Akan Naik Jadi Rp122.000 per Jam http://t.co/cY2EN7xH3Z,428439223847243776,upah minimum lang:id
2014-01-29 06:39:42+00:00,detikcom,"Naikkan Upah Minimum Pegawai, Obama Ajak Kongres AS Bertindak http://t.co/uzYJ7beINe via @detik_tv",428417148570976257,upah minimum lang:id
2014-01-29 04:36:17+00:00,fadjroeL,"Rp 580.000 per hari :) &gt; Upah Minimum AS Rp 72.500/Jam, Obama Minta Naik http://t.co/xyUAga41jP #saveRI #TOLAKsaksiAPBN",428386087703035904,upah minimum lang:id
2014-01-29 04:19:35+00:00,detikcom,"Upah Minimum AS Rp 72.500/Jam, Obama Minta Naik http://t.co/ZmEoNIoFX9 via @detikfinance",428381886272905217,upah minimum lang:id
2014-01-29 04:17:30+00:00,detikfinance,"Upah Minimum AS Rp 72.500/Jam, Obama Minta Naik http://t.co/AoaUFymnrk",428381362060398593,upah minimum lang:id
2014-01-22 22:19:33+00:00,LokadataID,Jonah Hill Mendapat Upah Minimum di The Wolf of Wall Street http://t.co/hOQgD0iMen via @mensjourneyid,426116956341542912,upah minimum lang:id
2014-01-22 13:42:34+00:00,e100ss,#SSinfo :  Pemerintah Provinsi Jawa Timur akan mulai membahas draf Upah Minimum Sektoral Kabupaten/Kota (UMSK)... http://t.co/pNI2m8qCPL,425986850658856960,upah minimum lang:id
2014-01-22 05:56:03+00:00,temponewsroom,Bisnis - Menakertrans: Sudahi Euforia Upah Minimum http://t.co/krWCy4o4RR,425869450038886400,upah minimum lang:id
2014-01-22 05:32:48+00:00,tempodotco,Menakertrans: Sudahi Euforia Upah Minimum http://t.co/eQRTRC51aT,425863598343077888,upah minimum lang:id
2014-01-20 11:08:39+00:00,Bisniscom,Banyak Daerah Belum Terbitkan Penangguhan Upah Minimum http://t.co/JKLAFurrvQ,425223339926237184,upah minimum lang:id
2014-01-17 00:53:29+00:00,alex_migrant,Jabatan Tenaga Kerja 622 Aduan tentang majikan tidak bayar upah minimum http://t.co/7Od1MV2fzG,423981365223108608,upah minimum lang:id
2014-01-16 09:25:19+00:00,pikiran_rakyat,"Obama dan Demokrat Bahas Upah Minimum: WASHINGTON, (PRLM).-  Presiden Barack Obama mengatakan pada Senat Demok... http://t.co/b0Fc1BI7xR",423747783359602688,upah minimum lang:id
2014-01-16 09:24:45+00:00,pikiran_rakyat,[Luar Negeri] Obama dan Demokrat Bahas Upah Minimum http://t.co/b0Fc1BI7xR,423747640556154880,upah minimum lang:id
2014-01-08 07:28:34+00:00,infojogja,@Asih_wigati UMR DIY → http://t.co/esCDP7xYuj,420819299175895040,upah minimum lang:id
2014-01-06 10:17:18+00:00,klinikhukum,7. Apakah Perusahaan Berbentuk CV Juga Harus Mengikuti Ketentuan Upah Minimum? - http://t.co/nELEFladWw | #Top20Klinik,420136988121890816,upah minimum lang:id
2014-01-04 09:02:00+00:00,Dandhy_Laksono,"@piusginting Upah Minimum Provinsi (UMP) Papua tahun 2013: Rp1,7 juta",419393264773365760,upah minimum lang:id
2014-01-03 06:31:15+00:00,klinikhukum,9. UMP Jakarta 2013 dan Komponen Upah Minimum - http://t.co/A0XRMw9Qtf | Tri Jata Ayu Pramesti | #Top100Klinik2013,418992935519019008,upah minimum lang:id
2014-01-01 07:11:48+00:00,antaranews,Upah Minimum Kota Makassar mulai diberlakukan http://t.co/1k2qCbdWhP,418278365041532928,upah minimum lang:id
2013-12-30 12:42:29+00:00,YoungOnTop,"menurut pemberitaan yg admin lihat td, persoalan ekonomi saat ini mengenai Upah minimum buruh, harga bahan pangan dan masih banyak lg",417636808759840769,upah minimum lang:id
2013-12-30 05:06:22+00:00,klinikhukum,86. Bolehkah Menyepakati Upah di Bawah Upah Minimum? - http://t.co/N0SxKX8hef | Umar Kasim | #Top100Klinik2013,417522023984689153,upah minimum lang:id
2013-12-30 03:50:46+00:00,DKIJakarta,@adhi_cg Peraturan Gubernur No. 189 Tahun 2012 Upah Minimum Provinsi Tahun 2013 dapat anda download pd link berikut: http://t.co/dcEtK3myKF,417502998831439872,upah minimum lang:id
2013-12-29 07:01:51+00:00,bandarlampung,Upah Minimum Kota (UMK) Bandar Lampung Masih Menggantung - http://t.co/t3VEDaWwDP @lampungberita,417188701060755456,upah minimum lang:id
2013-12-28 14:01:45+00:00,bandarlampung,"Menggantungnya Pengesahan Upah Minimum Kabupaten/Kota (UMK), Ada Indikasi Permainan! - http://t.co/XeYIKQwqQf @lampungberita",416931982497808384,upah minimum lang:id
2013-12-25 06:25:20+00:00,budimandjatmiko,"Upah Minimum Kabupaten ""@wahyu8indonesia: bang pemberian gaji perangkat desa n kepala desa kisaranya berapa?",415729958233718785,upah minimum lang:id
2013-12-23 13:10:39+00:00,bandarlampung,Upah Minimum Kota (UMK) Bandar Lampung Masih Menggantung - http://t.co/t3VEDaWwDP @lampungberita,415107183022727168,upah minimum lang:id
2013-12-23 12:23:08+00:00,Bisniscom,58 Perusahaan Minta Upah Minimum 2014 Ditangguhkan http://t.co/iD4nLNz78E,415095224239542272,upah minimum lang:id
2013-12-22 11:28:56+00:00,Bisniscom,"Waktu Habis, Kemenaker Tak Terima Laporan Penangguhan Upah Minimum http://t.co/Eja2N0PPCC",414719197197787137,upah minimum lang:id
2013-12-22 11:28:53+00:00,Bisniscom,Kadin Jaya: 25 Perusahaan Padat Karya Ajukan Keberatan Upah Minimum http://t.co/K2Qap1vjJX,414719185768284161,upah minimum lang:id
2013-12-22 11:18:19+00:00,Bisniscom,Usulan Penangguhan Upah Minimum Diduga Tertahan di Daerah http://t.co/XX2OQzdPGE,414716526336303105,upah minimum lang:id
2013-12-18 09:29:08+00:00,Bisniscom,Inilah Upah Minimum Kabupaten 2014 di Sumut http://t.co/8xnMcAKPHx,413239495597629440,upah minimum lang:id
2013-12-17 13:11:52+00:00,infobdg,Jabar Selektif Soal Persetujuan Penangguhan Upah Minimum Kota/Kabupaten (UMK) http://t.co/HENtIn1GRn #infoBDG,412933164080705536,upah minimum lang:id
2013-12-15 05:05:02+00:00,klinikhukum,Apakah Perusahaan Berbentuk CV Juga Harus Mengikuti Ketentuan Upah Minimum? - http://t.co/71YTi5E9lX (10/12/13) #KlinikSepekan,412085872767799296,upah minimum lang:id
2013-12-13 00:45:32+00:00,Dandhy_Laksono,"Alhamdulillah, The Economist sdh sadar ;) ""@ngabdul: Horor! Penghianatan! Majalah ""Neolib"" mendukung upah minimum! | http://t.co/sdLDtZn661""",411295787922882560,upah minimum lang:id
2013-12-12 09:56:06+00:00,liputan6dotcom,39 Perusahaan di Tangerang Minta Penangguhan Upah Minimum http://t.co/WMJWc3wYR7,411071957535170560,upah minimum lang:id
2013-12-11 03:29:09+00:00,klinikhukum,Baca juga: Langkah Hukum Jika Upah di Bawah Standar Minimum - http://t.co/y7JDXV7lTc,410612189846728704,upah minimum lang:id
2013-12-11 03:28:44+00:00,klinikhukum,"Baca juga: Penangguhan Pelaksanaan Upah Minimum Lebih dari 3 Kali, Bolehkah? - http://t.co/O2MvjjKhFq",410612083047161856,upah minimum lang:id
2013-12-11 03:28:15+00:00,klinikhukum,Baca juga: Penangguhan Pelaksanaan Upah Minimum Bagi Perusahaan Tidak Mampu - http://t.co/NZYOrSr7Ot,410611964155396097,upah minimum lang:id
2013-12-11 03:27:30+00:00,klinikhukum,Baca juga: Keberlakuan Ketentuan Upah Minimum Terhadap Perusahaan Kecil - http://t.co/LoXdIwpngH,410611773117444096,upah minimum lang:id
2013-12-11 03:26:14+00:00,klinikhukum,Apakah Perusahaan Berbentuk CV Juga Harus Mengikuti Ketentuan Upah Minimum? - http://t.co/8uY0tZRBWn,410611456606883840,upah minimum lang:id
2013-12-09 19:03:53+00:00,temponewsroom,Bisnis - Apindo Jawa Timur Pusing dengan Upah Minimum http://t.co/SpKSGCHSac,410122647591477250,upah minimum lang:id
2013-12-09 18:04:00+00:00,tempodotco,Apindo Jawa Timur Pusing dengan Upah Minimum http://t.co/74YM5VWl2P,410107577410666496,upah minimum lang:id
2013-12-09 14:46:09+00:00,Bisniscom,"Penangguhan Upah Minimum, Pengusaha Masih Berhitung http://t.co/Mg5rGhtfK1",410057786370699264,upah minimum lang:id
2013-12-09 08:15:06+00:00,bandarlampung,"UMP (Upah Minimum Provinsi) Lampung utk 2014 telah ditetapkan Rp1.399.037, setara dgn kebutuhan hidup layak (KHL) di Lampung.",409959373905985538,upah minimum lang:id
2013-12-05 15:02:36+00:00,infosurabaya,"Sekitar 77 subsektor industri di Surabaya bakal terkena penerapan upah minimum Rp 2,31 juta pada 2014. http://t.co/zBQXFVNwns #InfoSby",408612373856272384,upah minimum lang:id
2013-12-04 14:42:16+00:00,Bisniscom,HKI Minta Presiden Tegas soal Aturan Upah Minimum http://t.co/H5egCCiYZ8,408244869673414657,upah minimum lang:id
2013-12-04 00:02:06+00:00,Yahoo_ID,"Bentrok buruh vs polisi di Tangerang, 3 Des 2013. Buruh minta upah minimum naik jadi Rp2,6 juta/bulan. http://t.co/IghO5sTV1f",408023368622178304,upah minimum lang:id
2013-12-03 10:08:32+00:00,klinikhukum,12. UMP Jakarta 2013 dan Komponen Upah Minimum - http://t.co/A0XRMw9Qtf | #Top20Klinik,407813596014313473,upah minimum lang:id
2013-12-03 10:02:09+00:00,klinikhukum,18. Apakah Besarnya Take Home Pay Setara Upah Minimum? - http://t.co/FU66yqi9SO | #Top20Klinik,407811990329888768,upah minimum lang:id
2013-12-02 10:20:08+00:00,KontanNews,Pengusaha tolak penetapan upah minimum sektoral http://t.co/l5IsnUYeo8,407454127728254976,upah minimum lang:id
2013-11-30 02:15:47+00:00,bandarlampung,Penetapan Upah Minimum Provinsi (UMP) Molor Lagi Hanya Karena Susu - http://t.co/lrWrblM5g6,406607461937065984,upah minimum lang:id
2013-11-29 12:10:37+00:00,bandarlampung,Penetapan Upah Minimum Provinsi (UMP) Molor Lagi Hanya Karena Susu - http://t.co/lrWrblM5g6,406394764972814336,upah minimum lang:id
2013-11-26 13:54:20+00:00,Bisniscom,Formulasi Upah Minimum Perlu Dikaji Ulang http://t.co/ZyC8k6wZoO,405333706317234176,upah minimum lang:id
2013-11-25 14:03:13+00:00,Bisniscom,14 Perusahaan dan Buruh Kebun BUMN Sepakati Upah Minimum 2014 http://t.co/33Rj7KCGnb,404973552937357312,upah minimum lang:id
2013-11-25 11:03:20+00:00,Bisniscom,Padat Karya Korea Wacanakan Penangguhan Upah Minimum 2014 http://t.co/0UqmMEcmAr,404928282312724480,upah minimum lang:id
2013-11-24 02:00:57+00:00,tribunnews,"Tribun Jakarta Pengusaha Galau Soal UMK Bandung: Walau belum disahkan, Upah Minimum Kot... http://t.co/dBjrlu814T http://t.co/GxdpCGgad9",404429401229500416,upah minimum lang:id
2013-11-22 08:27:02+00:00,temponewsroom,Nasional - Buruh Kabupaten Malang Tolak Upah Minimum 2014 http://t.co/8FMklmMDIe,403801784402989056,upah minimum lang:id
2013-11-22 05:07:28+00:00,detikcom,Upah Minimum Bekasi dan Karawang Kalahkan Jakarta http://t.co/b5EOTzRnq0 via @detikfinance,403751560821227520,upah minimum lang:id
2013-11-22 04:41:52+00:00,detikfinance,Upah Minimum Bekasi dan Karawang Kalahkan Jakarta http://t.co/KZi8xIu7Ky,403745120610033664,upah minimum lang:id
2013-11-21 21:10:49+00:00,beritaKBR,"KBR68H, Lampung - Dewan Pengupahan Provinsi Lampung diperkirakan bakal molor mengumumkan Upah Minimum. Sekretaris... http://t.co/srSoeEXiWe",403631607665262592,upah minimum lang:id
2013-11-21 14:31:09+00:00,Harian_Jogja,"UMK 2014 : Sosialisasikan Upah Minimum, Kabupaten Bantul Tunggu SK Gubernur - http://t.co/RGm6CybBF3",403531029291364352,upah minimum lang:id
2013-11-21 12:52:23+00:00,Bisniscom,"Upah Minimum, Mayoritas Penetapan UMK 2014 Molor http://t.co/kwyBz8WKdl",403506173581615104,upah minimum lang:id
2013-11-21 10:01:17+00:00,Bisniscom,"Upah Minimum 2014, Apindo Siap Fasilitasi Penangguhan UMK http://t.co/1d1UAPqRJq",403463116798705664,upah minimum lang:id
2013-11-21 08:40:49+00:00,urbancikarang,15.40 Gubernur Jawa Barat @aheryawan hari ini tanda tangani Upah Minimum Provinsi (UMP) Provinsi Jawa Barat dari 27 Kota/Kab.,403442865604280320,upah minimum lang:id
2013-11-20 11:05:24+00:00,temponewsroom,Nasional - Gubernur Belum Putuskan Besaran Upah Minimum Jatim http://t.co/EqtYB7HdR1,403116862373756928,upah minimum lang:id
2013-11-20 10:32:12+00:00,tempodotco,Gubernur Belum Putuskan Besaran Upah Minimum Jatim http://t.co/8w32TgT8IX,403108508221988864,upah minimum lang:id
2013-11-20 09:32:09+00:00,tribunnews,BISNIS TERPOPULER Pemerintah Daerah Abaikan Instruksi Presiden Soal Upah Minimum -  http://t.co/KTy34KgRem via @tribunnews,403093395595210752,upah minimum lang:id
2013-11-20 06:08:57+00:00,detikfinance,"Upah Minimum Bekasi Lebih Tinggi dari DKI, Pengusaha: Ini Tidak Realistis! http://t.co/iIhVkHqJk6",403042259882356736,upah minimum lang:id
2013-11-20 04:43:52+00:00,detikfinance,"Lebih Tinggi dari DKI Jakarta, Ini Besaran Upah Minimum di Bekasi http://t.co/6c4tCy5Nbg",403020846085582848,upah minimum lang:id
2013-11-20 04:38:26+00:00,urbancikarang,Kalah semalam sama Karawang om beda Rp. 5 RT @amriltg: Upah Minimum Kab. Bekasi Tertinggi di Jawa Barat http://t.co/OctHgX4zc0 urbancikarang,403019481045168128,upah minimum lang:id
2013-11-20 04:17:48+00:00,infobdg,Aksi Unjuk Rasa Buruh Menuntut Upah Minimum Kota (UMK) Tahun 2014 di Cimahi Terus Berlanjut http://t.co/iLuKA2bPG4 #infoBDG,403014287871848448,upah minimum lang:id
2013-11-20 02:44:46+00:00,tribunnews,Pemerintah Daerah Abaikan Instruksi Presiden Soal Upah Minimum http://t.co/hCAQ1MOPHj via @tribunnews,402990877162733568,upah minimum lang:id
2013-11-19 12:49:26+00:00,infobdg,"Para Buruh Kepung Lagi Balai Kota Bandung, Mengusung Isu Upah Minimum Kota (UMK) menjadi Rp 2,7 juta http://t.co/2OPYa4U093 #infoBDG",402780655093690368,upah minimum lang:id
2013-11-19 11:57:00+00:00,Bisniscom,Apindo Sesalkan Penetapan Upah Minimum di Kabupaten/Kota http://t.co/FDUOmPWa7B,402767460060778496,upah minimum lang:id
2013-11-19 09:51:56+00:00,Bisniscom,"Upah Minimum di Jateng Naik Rata-rata 16,66% http://t.co/dvlp2H9LgI",402735988276883456,upah minimum lang:id
2013-11-19 03:21:45+00:00,Beritasatu,#TerpopulerBS 1: Dewan Pengupahan Kota Bekasi Naikan Upah Minimum 2014 http://t.co/78MptkdSyl,402637795153309696,upah minimum lang:id
2013-11-19 03:12:06+00:00,liputan6dotcom,Buruh Jakarta Tetap Ngotot Upah Minimum Rp 3 Juta http://t.co/PDWGKEBBwi,402635365032677376,upah minimum lang:id
2013-11-19 01:36:04+00:00,Harian_Jogja,UMK 2014 : Inilah Daftar Upah Minimum se-Soloraya http://t.co/xgpm6zUDFo,402611199348453376,upah minimum lang:id
2013-11-18 21:58:43+00:00,e100ss,#SSInfo: Asosiasi Pengusaha Indonesia (Apindo) mengancam melakukan PHK jika angka Upah Minimum Kabupaten/kota 2014... http://t.co/25zufEMYVu,402556501870796800,upah minimum lang:id
2013-11-18 16:39:22+00:00,Harian_Jogja,"UMK 2014 : Gubernur Jateng Tetapkan Upah Minimum Se-Jateng, Solo Rp1,145 Juta http://t.co/7SVSvKYKBS",402476135448997889,upah minimum lang:id
2013-11-18 10:57:34+00:00,pikiran_rakyat,[Ekonomi] 26 Provinsi Telah Tetapkan Upah Minimum Provinsi 2014 http://t.co/kdLF1ckgb9,402390115256791040,upah minimum lang:id
2013-11-18 07:46:14+00:00,liputan6dotcom,"Upah Minimum Buruh 2014 Bekasi Rp 2,4 Juta Setara Jakarta http://t.co/NJPXRgtjzH",402341966840479745,upah minimum lang:id
2013-11-18 03:51:06+00:00,e100ss,"Mulai Hari Ini, Buruh Akan Kembali Mogok Kerja Di Masing-Masing Daerah Menuntut Kenaikan Upah Minimum. (odp-rt)... http://t.co/fmaPQgLDKi",402282792362311681,upah minimum lang:id
2013-11-18 03:19:25+00:00,Beritasatu,#TerpopulerBS 2: Dewan Pengupahan Kota Bekasi Naikan Upah Minimum 2014 http://t.co/78MptkdSyl,402274817459499009,upah minimum lang:id
2013-11-18 02:41:13+00:00,PartaiSocmed,"Gak capek? RT @koeztri: rilis KSPI, buruh se-indonesia hari ini akan kembali mogok untuk menuntut kenaikan upah minimum yg sudah ditetapkan",402265206996226048,upah minimum lang:id
2013-11-17 18:08:09+00:00,Beritasatu,Dewan Pengupahan Kota Bekasi Naikan Upah Minimum 2014 http://t.co/78MptkdSyl,402136090066165761,upah minimum lang:id
2013-11-16 12:29:15+00:00,infobdg,"Lusa, Senin 18 November 2013, Wali Kota Bandung Janji Putuskan UMK (Upah Minimum Kota) http://t.co/tJKWexcEdk  #infoBDG",401688411980845056,upah minimum lang:id
2013-11-16 05:52:38+00:00,e100ss,Bupati Sidoarjo akhirnya merekomendasikan Upah Minimum Kabupaten (UMK) tahun 2014 sebesar Rp2.348.000. (odp-rt)... http://t.co/KO4Qmqj4tM,401588603760828416,upah minimum lang:id
2013-11-15 13:13:33+00:00,detikcom,"Upah Minimum di Jateng Naik Rata-rata 16,6% Tahun Depan http://t.co/RldLZDfRfv via @detikfinance",401337175305760770,upah minimum lang:id
2013-11-15 10:44:42+00:00,detikfinance,"Upah Minimum di Jateng Naik Rata-rata 16,6% Tahun Depan http://t.co/hqjjuDz0zs",401299715909636096,upah minimum lang:id
2013-11-14 06:59:20+00:00,Harian_Jogja,UMK 2014 : Ini Daftar Upah Minimum Kabupaten/Kota di DIY http://t.co/RHovfSOXWe,400880612338180096,upah minimum lang:id
2013-11-14 06:59:18+00:00,Harian_Jogja,UMK 2014 : Ini Daftar Upah Minimum Kabupaten/Kota di DIY http://t.co/bD8R2WUMu2,400880602695487488,upah minimum lang:id
2013-11-13 01:22:26+00:00,CityHype_SMG,#HCNews Upah Minimum di Dua Kota Ini Cuma Rp 900 Ribu http://t.co/X2MoEZWywb,400433440048156672,upah minimum lang:id
2013-11-12 13:07:53+00:00,e100ss,#SSinfo: Sektor usaha di bidang fashion design siap menjalankan kebijakan kenaikan Upah Minimum Provinsi (UMP).... http://t.co/39ROuQVlBg,400248584534102016,upah minimum lang:id
2013-11-12 11:29:10+00:00,VIVAcoid,"TERPOPULER BISNIS - Alasan Pengusaha Kecil Protes Upah Minimum Rp2,4 Juta http://t.co/5HvsRkqHCN",400223741587648514,upah minimum lang:id
2013-11-12 11:23:48+00:00,temponewsroom,Metro - Penentuan Upah Minimum Buruh Tangerang Deadlock   http://t.co/mqKk2KDgvP,400222390547795968,upah minimum lang:id
2013-11-12 11:16:45+00:00,tempodotco,Penentuan Upah Minimum Buruh Tangerang Deadlock   http://t.co/ADHzzMnjOc,400220618760540160,upah minimum lang:id
2013-11-12 09:48:07+00:00,KemnakerRI,Kemnakertrans Baru 24 Provinsi yang Tetapkan  Upah Minimum 2014,400198312621375488,upah minimum lang:id
2013-11-12 08:45:52+00:00,infojakarta,"Pemprov DKI telah menetapkan upah minimum provinsi (UMP) 2014 sebesar Rp 2,441 juta http://t.co/4TfIstSgKB",400182645218631680,upah minimum lang:id
2013-11-12 08:25:17+00:00,temponewsroom,Nasional - Upah Minimum di Dua Kota Ini Cuma Rp 900 Ribu   http://t.co/9kLbV6hfmk,400177467047944193,upah minimum lang:id
2013-11-12 08:17:09+00:00,Tempo_Plus,Upah Minimum di Dua Kota Ini Cuma Rp 900 Ribu. http://t.co/6Y54L8cOI9 #Nusa,400175419896254464,upah minimum lang:id
2013-11-12 05:52:11+00:00,VIVAcoid,"Alasan Pengusaha Kecil Protes Upah Minimum Rp2,4 Juta http://t.co/VPBXBwsft9",400138935344459776,upah minimum lang:id
2013-11-11 06:35:17+00:00,hariankompas,"&lt;span style=""font-size:16px;""&gt;&lt;strong&gt;ANALISIS EKONOMI&lt;/strong&gt;&lt;/span&gt;&lt;br /&gt;
Dilema Upah Minimum Provinsi
 http://t.co/v1Q4ty0Mrh",399787395265998849,upah minimum lang:id
2013-11-08 20:26:56+00:00,Harian_Jogja,"UMK 2014 : Upah Minimum Malang Rp.1,6 Juta http://t.co/PtZ94WhBtq",398909525157093377,upah minimum lang:id
2013-11-08 20:17:31+00:00,Harian_Jogja,"UMK 2014 : Upah Minimum Malang Rp.1,6 Juta http://t.co/zBVTNfrL9l",398907155350179841,upah minimum lang:id
2013-11-08 12:21:47+00:00,Harian_Jogja,Kenaikan Upah Minimum Kabupaten Gunungkidul Masih Dirahasiakan http://t.co/BMKTfq3MCS,398787433115832320,upah minimum lang:id
2013-11-08 10:41:49+00:00,RadioElshinta,"APINDO: Upah Minimum Tinggi, Perusahaan Bakal Hengkang http://t.co/dSHUZrkNjF",398762272824098816,upah minimum lang:id
2013-11-08 06:15:58+00:00,beritaKBR,KBR68H- Dewan Pengupahan Bangladesh mengusulkan kenaikan upah minimum buruh garmen sebanyak 77 persen atau... http://t.co/OWcJAhTLTn,398695369132879872,upah minimum lang:id
2013-11-07 13:27:32+00:00,klinikhukum,"Baca juga: Penangguhan Pelaksanaan Upah Minimum Lebih dari 3 Kali, Bolehkah? - http://t.co/O2MvjjKhFq",398441590093385728,upah minimum lang:id
2013-11-07 05:21:18+00:00,CityHype_Bali,#HCNews Upah Minimum Kota Denpasar tahun 2014 sebesar Rp1.561.000 http://t.co/nLGVOJotgx,398319224890097664,upah minimum lang:id
2013-11-06 22:44:24+00:00,IklanBalikpapan,Buruh Minta Upah Minimum Responsif http://t.co/sfRHAJmzpQ #Nasional,398219342661156864,upah minimum lang:id
2013-11-06 21:41:21+00:00,suaramerdeka,Buruh Minta Upah Minimum Responsif http://t.co/un9IJNmYeS,398203473625645056,upah minimum lang:id
2013-11-06 16:04:17+00:00,pikiran_rakyat,"[Bandung Raya] KASBI Punya Alasan Minta Upah Minimum Rp3,2 Juta http://t.co/79KTj15kkT",398118649937924096,upah minimum lang:id
2013-11-06 15:16:09+00:00,iSwaraJKT,#ifakta jam 22.30 WIB: Pemerintah targetkan November 2013 penetapan Upah Minimum Provinsi 2014 di seluruh Indonesia sudah selesai,398106537861722112,upah minimum lang:id
2013-11-06 14:50:30+00:00,MSNindonesia,Upah Minimum Kota ditetapkan 21 November http://t.co/DPdHAZFtPD,398100080919474176,upah minimum lang:id
2013-11-06 13:05:34+00:00,tribuntimur,"UMP Sulsel Rp 1,8 Juta, Perusahaan Kecil Bisa Ajukan Penangguhan: upah minimum provinsi (UMP) Sulsel sebesar R... http://t.co/JsU17TqNAz",398073674130915328,upah minimum lang:id
2013-11-06 13:00:33+00:00,MSNindonesia,Upah minimum provinsi tidak ada artinya tanpa peran strategis pemerintah untuk kestabilan harga http://t.co/elLmoizH27,398072411578314752,upah minimum lang:id
2013-11-06 11:29:18+00:00,VIVAcoid,TERPOPULER BISNIS - 13 Daerah Belum Tetapkan Upah Minimum Provinsi http://t.co/5m9bWxZmYM,398049448019767297,upah minimum lang:id
2013-11-06 08:56:18+00:00,VIVAcoid,Upah Minimum Buruh Bangladesh Akan Naik Jadi Rp775 Ribu http://t.co/yjb60riKmG,398010945550569472,upah minimum lang:id
2013-11-06 05:36:46+00:00,SonoraFM92,"12.36 #BeritaSonora: Serikat Buruh kembali berunjuk rasa di depan Balai Kota DKI siang ini, masih menuntut soal Upah Minimum Provinsi 2014.",397960731150151680,upah minimum lang:id
2013-11-06 05:17:18+00:00,VIVAcoid,13 Daerah Belum Tetapkan Upah Minimum Provinsi http://t.co/1IIZIVI2xE,397955832534413312,upah minimum lang:id
2013-11-06 04:51:27+00:00,tempodotco,Apindo Minta Pengumuman Upah Minimum Serentak http://t.co/HL3ZWnNtjh via @tempodotco,397949326791434240,upah minimum lang:id
2013-11-06 04:48:22+00:00,temponewsroom,Bisnis - Apindo Minta Pengumuman Upah Minimum Serentak   http://t.co/Xl1u4MYsd5,397948548995510272,upah minimum lang:id
2013-11-06 03:53:45+00:00,detikcom,Pengusaha: Banyak Upah Minimum Diputuskan Karena Desakan Demo Buruh http://t.co/Aq2iLwuhNP via @detikfinance,397934805490204672,upah minimum lang:id
2013-11-06 03:52:07+00:00,detikfinance,Pengusaha: Banyak Upah Minimum Diputuskan Karena Desakan Demo Buruh http://t.co/C1OBWCQIfe,397934395064983552,upah minimum lang:id
2013-11-05 09:23:54+00:00,tribunpontianak,"Horeee, Upah Minimum Ketapang Rp 1,7 Juta Paling Tinggi di Kalbar http://t.co/TFlYDaECHu",397655500818374657,upah minimum lang:id
2013-11-05 08:56:24+00:00,tribunpontianak,"Horeee, Upah Minimum Ketapang Rp 1,7 Juta Paling Tinggi di Kalbar http://t.co/cp7XR9QrAY via @tribunnews",397648579952521216,upah minimum lang:id
2013-11-05 03:15:29+00:00,hotradero,"@rivanarif @FaktaGoogle Memangnya di tahun 1969 sudah ada aturan Upah Minimum? Kalau ada, memangnya berapa?",397562785489358849,upah minimum lang:id
2013-11-05 03:12:02+00:00,klinikhukum,8. UMP Jakarta 2013 dan Komponen Upah Minimum - http://t.co/qaIZQ6sKTH | #Top20Klinik,397561920120967168,upah minimum lang:id
2013-11-04 22:57:59+00:00,Harian_Jogja,"UMK 2014 : Upah Minimum Surabaya Jadi Rp2,2 Juta http://t.co/eB58rq9sC9",397497985770074112,upah minimum lang:id
2013-11-04 22:49:45+00:00,KemnakerRI,"12. Muhaimin : Penetapan Upah minimum merupakan social safety net bagi pekerja lajang di bawah satu tahun, ... http://t.co/FeVGaI1MjE",397495912554983424,upah minimum lang:id
2013-11-04 22:48:16+00:00,KemnakerRI,10. Upah minimum  hanya berlaku bagi  pekerja lajang dengan masa kerja kurang dari satu tahun.,397495541052878848,upah minimum lang:id
2013-11-04 22:48:07+00:00,KemnakerRI,9. Upah minimum hanya sebagai pengaman sosial (social safety net).,397495503916515328,upah minimum lang:id
2013-11-04 22:45:35+00:00,KemnakerRI,5. Kepala daerah diminta agar mempercepat pembahasan dan penetapan upah minimum sehingga penetapan upah ... http://t.co/kqJ2W1TKvP,397494866113867776,upah minimum lang:id
2013-11-04 22:44:19+00:00,KemnakerRI,"3. 20 provinsi yang telah menetapkan dan melaporkan besaran upah minimum 2014 adalah  Kalimantan Tengah, ... http://t.co/WbMvOmZt21",397494544662409217,upah minimum lang:id
2013-11-04 22:23:33+00:00,Harian_Jogja,"UMK 2014 : Upah Minimum Surabaya Jadi Rp2,2 Juta http://t.co/lNCxlZ6bIh",397489319029399552,upah minimum lang:id
2013-11-04 16:11:39+00:00,Harian_Jogja,"UMK 2014 : Pemerintah Minta Jabar, Jatim, DIY &amp; Jateng Tetapkan Upah Minimum Provinsi http://t.co/VU5hFqqnOR",397395729288671232,upah minimum lang:id
2013-11-04 13:38:19+00:00,emilsalim2010,"Pendapatan petani dibawah Upah Minimum Bulanan buruh dorong urbanisasi petani pindah ke kota industri, nikmati listrik, air minum lbh baik.",397357139305320448,upah minimum lang:id
2013-11-04 10:06:25+00:00,tribunnews,TERPOPULER Daftar Upah Minimum Buruh di 16 Provinsi di Indonesia http://t.co/ItCQI6Ooih via @tribunnews,397303813599526912,upah minimum lang:id
2013-11-04 09:16:03+00:00,tribunpontianak,"Upah Minimum Melawi Naik Menjadi Rp 1,5 Juta http://t.co/cHU43jcYT8",397291137209077760,upah minimum lang:id
2013-11-04 07:09:02+00:00,IklanBalikpapan,[VIDEO] Upah Minimum Buruh Vs Pungutan Liar http://t.co/Z06qgbQiJV #Nasional,397259173055844352,upah minimum lang:id
2013-11-04 06:45:30+00:00,KompasTV,Daftar Upah Minimum Buruh di 16 Provinsi di Indonesia (buka link) - http://t.co/aHH3w4TSUI,397253252841885696,upah minimum lang:id
2013-11-04 06:44:04+00:00,liputan6dotcom,[VIDEO] Upah Minimum Buruh Vs Pungutan Liar http://t.co/sZ0g6hKIi3,397252893129973760,upah minimum lang:id
2013-11-04 06:40:04+00:00,liputan6dotcom,Video: Upah Minimum Buruh Vs Pungutan Liar http://t.co/wTLgFYO0B3,397251886459285505,upah minimum lang:id
2013-11-04 06:15:53+00:00,BaleBengong,dari @AnomNovyantara: Bali blm mengajukan/tdk mengajukan.  “@kompascom: Ini Daftar Upah Minimum Buruh di 16 Provinsi http://t.co/yVSRaUEykl”,397245797063864320,upah minimum lang:id
2013-11-04 05:46:03+00:00,pontianakite,Upah Minimum Provinsi dan Kabupaten/Kota di Kalbar http://t.co/CXGBgBMqIR,397238290572521472,upah minimum lang:id
2013-11-04 01:31:12+00:00,CityHype_Bali,"#HCNews 2014, Upah Minimum Bali Rp1.321.000 http://t.co/Gg1WjLyosY",397174154194976768,upah minimum lang:id
2013-11-04 00:47:18+00:00,IklanBalikpapan,Daftar Upah Minimum Buruh di 16 Provinsi di Indonesia http://t.co/wjVPTIK3bt #Nasional,397163108235345921,upah minimum lang:id
2013-11-03 23:52:39+00:00,BilanganFu,#doapagi Berilah kami upah minimum yang maksimum,397149354441453568,upah minimum lang:id
2013-11-03 23:51:05+00:00,fadjroeL,"Upah Minimum Propinsi Bali Tahun 2014 Ditetapkan Sebesar Rp 1.321.000, Senin (4/11), @PedomanNEWS",397148958524313600,upah minimum lang:id
2013-11-03 23:29:51+00:00,tribunnews,Tribun Jakarta Daftar Upah Minimum Buruh di 16 Provinsi di Indonesia: Berikut adalah da... http://t.co/11xoToBbjq http://t.co/GxdpCGgad9,397143618659418112,upah minimum lang:id
2013-11-03 23:25:04+00:00,tribuntimur,http://t.co/Ph251w0E2u Daftar Upah Minimum Buruh di 16 Provinsi di Indonesia: Berikut adala... http://t.co/YrCW4tYYLJ Local Breaking News,397142412897710080,upah minimum lang:id
2013-11-03 20:34:00+00:00,antaranews,"KSPSI: upah minimum Papua idealnya Rp2,3 juta http://t.co/no0wk0yr53",397099361462534144,upah minimum lang:id
2013-11-03 17:10:00+00:00,banjarmasinpost,Sudah 10 Provinsi Umumkan Upah Minimum http://t.co/fV4V5XjMTi,397048024276688896,upah minimum lang:id
2013-11-03 15:25:46+00:00,LokadataID,Soal Upah Minimum ke Mana Pemerintah Harus Berpihak http://t.co/8ujhvmr0vS via @inikabarku,397021793728225280,upah minimum lang:id
2013-11-03 14:22:15+00:00,hotradero,TKI dan TKW nggak pernah tuh ngeributin Upah Minimum.  Masih bisa bilang buruh nggak ada pilihan?,397005808208056320,upah minimum lang:id
2013-11-03 14:17:52+00:00,hotradero,Upah Minimum di Taiwan setara USD 635 per bulan. Masih bisa bilang buruh nggak punya pilihan (negara tempat kerja)?,397004705240342528,upah minimum lang:id
2013-11-03 13:10:26+00:00,MSNindonesia,Daftar upah minimum 16 provinsi http://t.co/5XK24viJRD,396987736109764609,upah minimum lang:id
2013-11-03 11:32:00+00:00,twitlowongan,Daftar Upah Minimum Provinsi (UMP) 2014 di 16 Provinsi baca di: https://t.co/y2o4RBusH8,396962964164452352,upah minimum lang:id
2013-11-03 08:57:01+00:00,ulinyusron,@AJI_JAKARTA link rilis upah minimum jurnalis kirim dong…,396923960744361984,upah minimum lang:id
2013-11-03 08:55:07+00:00,KontanNews,Pengusaha: Upah minimum bukan untuk beli rumah http://t.co/LWnnf29yBV,396923482077810688,upah minimum lang:id
2013-11-03 08:53:55+00:00,ndorokakung,Menurut survei @AJI_JAKARTA upah jurnalis rata-rata masih di bawah standar kelayakan minimum,396923179047723008,upah minimum lang:id
2013-11-03 00:33:09+00:00,infoSumbar,Inilah Upah Minimum Propinsi Sumbar Yang Baru http://t.co/aMLZRHQ6EC,396797159149826048,upah minimum lang:id
2013-11-02 20:16:26+00:00,infoSumbar,Inilah Upah Minimum Propinsi Sumbar Yang Baru http://t.co/UC3oUZzjAg,396732555296505856,upah minimum lang:id
2013-11-02 12:21:58+00:00,cakimiNOW,Upah minimum:                         http://t.co/CTqXQW3fsb,396613151346540544,upah minimum lang:id
2013-11-02 09:46:56+00:00,tribunmedan,Pemerintah Provinsi Sumatera Utara mengumumkan Upah Minimum Provinsi (UMP) 2014 UMP Sumut 2014 Rp 1.505.850 atau... http://t.co/2KqClRBA1r,396574134148546560,upah minimum lang:id
2013-11-02 08:13:50+00:00,urbancikarang,15.12 Berikut Daftar 16 Provinsi yang sudah menetapkan Upah Minimum Provinsi (UMP) Tahun 2014.,396550706397589504,upah minimum lang:id
2013-11-02 07:43:27+00:00,tribunmedan,Pemerintah Provinsi Sumatera Utara mengumumkan Upah Minimum Provinsi (UMP) 2014 UMP Sumut 2014 Rp 1.505.850 atau... http://t.co/lQ9rwqJSLb,396543060857085952,upah minimum lang:id
2013-11-02 07:35:56+00:00,infoSumbar,Inilah Upah Minimum Propinsi Sumbar Yang Baru http://t.co/kdTXGWlrz2,396541167610777600,upah minimum lang:id
2013-11-02 06:39:03+00:00,KemnakerRI,"14. Terkait pelaksanaan dari penetapan upah minimum ini, tim asistensi Kemnakertrans terus melakukan ... http://t.co/bpPf6iLIRe",396526851318755328,upah minimum lang:id
2013-11-02 06:36:21+00:00,KemnakerRI,"13. Dari 18 Provinsi yang belum menetapkan upah minimum tersebut, berdasarkan pengalaman tahun-tahun ... http://t.co/An3PIyTBRD",396526174697832448,upah minimum lang:id
2013-11-02 06:35:43+00:00,KemnakerRI,12. Sebanyak 18 provinsi dilaporkan masih belum menetapkan upah minimum dan masih menunggu keputusan ... http://t.co/dLW5tb9gRg,396526013296807936,upah minimum lang:id
2013-11-02 06:32:19+00:00,KemnakerRI,"9. Muhaimin : Bagi provinsi yang belum menetapkan, pembahasan penetapan upah minimum diharapkan dapat ... http://t.co/P8yyPMx9uf",396525158183100416,upah minimum lang:id
2013-11-02 06:29:21+00:00,KemnakerRI,6. Muhaimin : Penetapan upah minimum secara tepat waktu memberikan kepastian hukum bagi para pekerja &amp; pengusaha di daerahnya masing-masing.,396524412649746432,upah minimum lang:id
2013-11-02 06:19:21+00:00,KemnakerRI,2. 16 provinsi yang telah menetapkan dan melaporkan besaran upah minimum tepat waktu per 1 November 2013 adalah,396521893575946243,upah minimum lang:id
2013-11-02 06:18:41+00:00,KemnakerRI,"Dari 34 Provinsi yang ada di Indonesia, baru 16 Provinsi yang telah menetapkan besaran upah minimum tahun 2014.",396521727607312384,upah minimum lang:id
2013-11-02 05:04:20+00:00,Bisniscom,Upah Minimum 2014 di Jabar Diduga Naik Hingga 60% http://t.co/ndbOni5Qrf,396503015781183488,upah minimum lang:id
2013-11-02 02:41:16+00:00,InfoPadang_,"Upah Minimum Propinsi Sumbar untuk tahun 2014 telah ditetapkan melalui SK Gubernur Nomor 562-846-2013, yaitu sebesar Rp. 1.490.000 per bulan",396467010835460096,upah minimum lang:id
2013-11-02 02:27:53+00:00,infoSumbar,Inilah Upah Minimum Propinsi Sumbar Yang Baru http://t.co/VfRg9CicU4,396463642985521152,upah minimum lang:id
2013-11-02 00:48:35+00:00,BaleBengong,beda karakter buruhnya » RT @gita_felon: di bali upah minimum masih belum ada yg memperhitungkan kebanyakan urusin reklamasi mungkin ya?,396438653884313600,upah minimum lang:id
2013-11-02 00:24:29+00:00,infoSumbar,Inilah Upah Minimum Propinsi Sumbar Yang Baru http://t.co/aMLZRHQ6EC,396432588362883072,upah minimum lang:id
2013-11-01 20:45:42+00:00,Harian_Jogja,UMK 2014 : Jatim Tak Tetapkan Upah Minimum http://t.co/lzoVoruKTi,396377531974045696,upah minimum lang:id
2013-11-01 18:37:18+00:00,pikiran_rakyat,[Bandung Raya] Dadang M Naser: Upah Minimum Bandung Raya Hendaknya Satu Zona http://t.co/uXOnaDkbW8,396345218657550336,upah minimum lang:id
2013-11-01 18:31:56+00:00,infobdg,Bupati Bandung Dadang M Naser: Upah Minimum Bandung Raya Hendaknya Satu Zona. http://t.co/3Mzy20haAo #infoBDG,396343868771143680,upah minimum lang:id
